Unique ID,Sub Variety,ITEM NAME
Bp1,Super White,FINISHED GOODS
Bp2,Super White,B-Q
Bp3,Super White,B-1
Bp4,Super White,B-2
Bp5,Super White,B-2 CSR
Bp6,Super White,B-3
Bp7,Super White,CSR
Bp8,Super White,PADDY
Bp9,Super White,CHOBA
Bp10,Super White,RICE POLISH
Bp11,Super White,DUST
Bp12,Super White,EMPTY BAGS WEIGHT
Bp13,Super White,EXCESS EXPORT
Bp14,Super White,WEIGHT LOSS
Bp15,Super White,FINISHED GOODS BROWN TO WHITE
Bp16,Super White,CSR H/R BROWN TO WHITE
Bp17,Super Sela,FINISHED GOODS
Bp18,Super Sela,B-Q
Bp19,Super Sela,B-1
Bp20,Super Sela,B-2
Bp21,Super Sela,B-2 CSR
Bp22,Super Sela,B-3
Bp23,Super Sela,CSR
Bp24,Super Sela,PADDY
Bp25,Super Sela,CHOBA
Bp26,Super Sela,RICE POLISH
Bp27,Super Sela,DUST
Bp28,Super Sela,EMPTY BAGS WEIGHT
Bp29,Super Sela,EXCESS EXPORT
Bp30,Super Sela,WEIGHT LOSS
Bp31,Super Steam,FINISHED GOODS
Bp32,Super Steam,B-Q
Bp33,Super Steam,B-1
Bp34,Super Steam,B-2
Bp35,Super Steam,B-2 CSR
Bp36,Super Steam,B-3
Bp37,Super Steam,CSR
Bp38,Super Steam,PADDY
Bp39,Super Steam,CHOBA
Bp40,Super Steam,RICE POLISH
Bp41,Super Steam,DUST
Bp42,Super Steam,EMPTY BAGS WEIGHT
Bp43,Super Steam,EXCESS EXPORT
Bp44,Super Steam,WEIGHT LOSS
Bp45,1121 White,FINISHED GOODS
Bp46,1121 White,B-Q
Bp47,1121 White,B-1
Bp48,1121 White,B-2
Bp49,1121 White,B-2 CSR
Bp50,1121 White,B-3
Bp51,1121 White,CSR
Bp52,1121 White,PADDY
Bp53,1121 White,CHOBA
Bp54,1121 White,RICE POLISH
Bp55,1121 White,DUST
Bp56,1121 White,EMPTY BAGS WEIGHT
Bp57,1121 White,EXCESS EXPORT
Bp58,1121 White,WEIGHT LOSS
Bp59,1121 Sela,FINISHED GOODS
Bp60,1121 Sela,B-Q
Bp61,1121 Sela,B-1
Bp62,1121 Sela,B-2
Bp63,1121 Sela,B-2 CSR
Bp64,1121 Sela,B-3
Bp65,1121 Sela,CSR
Bp66,1121 Sela,PADDY
Bp67,1121 Sela,CHOBA
Bp68,1121 Sela,RICE POLISH
Bp69,1121 Sela,DUST
Bp70,1121 Sela,EMPTY BAGS WEIGHT
Bp71,1121 Sela,EXCESS EXPORT
Bp72,1121 Sela,WEIGHT LOSS
Bp73,1121 Steam,FINISHED GOODS
Bp74,1121 Steam,B-Q
Bp75,1121 Steam,B-1
Bp76,1121 Steam,B-2
Bp77,1121 Steam,B-2 CSR
Bp78,1121 Steam,B-3
Bp79,1121 Steam,CSR
Bp80,1121 Steam,PADDY
Bp81,1121 Steam,CHOBA
Bp82,1121 Steam,RICE POLISH
Bp83,1121 Steam,DUST
Bp84,1121 Steam,EMPTY BAGS WEIGHT
Bp85,1121 Steam,EXCESS EXPORT
Bp86,1121 Steam,WEIGHT LOSS
Bp87,1509 White,FINISHED GOODS
Bp88,1509 White,B-Q
Bp89,1509 White,B-1
Bp90,1509 White,B-2
Bp91,1509 White,B-2 CSR
Bp92,1509 White,B-3
Bp93,1509 White,CSR
Bp94,1509 White,PADDY
Bp95,1509 White,CHOBA
Bp96,1509 White,RICE POLISH
Bp97,1509 White,DUST
Bp98,1509 White,EMPTY BAGS WEIGHT
Bp99,1509 White,EXCESS EXPORT
Bp100,1509 White,WEIGHT LOSS
Bp101,1509 Sela,FINISHED GOODS
Bp102,1509 Sela,B-Q
Bp103,1509 Sela,B-1
Bp104,1509 Sela,B-2
Bp105,1509 Sela,B-2 CSR
Bp106,1509 Sela,B-3
Bp107,1509 Sela,CSR
Bp108,1509 Sela,PADDY
Bp109,1509 Sela,CHOBA
Bp110,1509 Sela,RICE POLISH
Bp111,1509 Sela,DUST
Bp112,1509 Sela,EMPTY BAGS WEIGHT
Bp113,1509 Sela,EXCESS EXPORT
Bp114,1509 Sela,WEIGHT LOSS
Bp115,1509 Steam,FINISHED GOODS
Bp116,1509 Steam,B-Q
Bp117,1509 Steam,B-1
Bp118,1509 Steam,B-2
Bp119,1509 Steam,B-2 CSR
Bp120,1509 Steam,B-3
Bp121,1509 Steam,CSR
Bp122,1509 Steam,PADDY
Bp123,1509 Steam,CHOBA
Bp124,1509 Steam,RICE POLISH
Bp125,1509 Steam,DUST
Bp126,1509 Steam,EMPTY BAGS WEIGHT
Bp127,1509 Steam,EXCESS EXPORT
Bp128,1509 Steam,WEIGHT LOSS
Bp129,Super Chanab White,FINISHED GOODS
Bp130,Super Chanab White,B-Q
Bp131,Super Chanab White,B-1
Bp132,Super Chanab White,B-2
Bp133,Super Chanab White,B-2 CSR
Bp134,Super Chanab White,B-3
Bp135,Super Chanab White,CSR
Bp136,Super Chanab White,PADDY
Bp137,Super Chanab White,CHOBA
Bp138,Super Chanab White,RICE POLISH
Bp139,Super Chanab White,DUST
Bp140,Super Chanab White,EMPTY BAGS WEIGHT
Bp141,Super Chanab White,EXCESS EXPORT
Bp142,Super Chanab White,WEIGHT LOSS
Bp143,Super Chanab Sela,FINISHED GOODS
Bp144,Super Chanab Sela,B-Q
Bp145,Super Chanab Sela,B-1
Bp146,Super Chanab Sela,B-2
Bp147,Super Chanab Sela,B-2 CSR
Bp148,Super Chanab Sela,B-3
Bp149,Super Chanab Sela,CSR
Bp150,Super Chanab Sela,PADDY
Bp151,Super Chanab Sela,CHOBA
Bp152,Super Chanab Sela,RICE POLISH
Bp153,Super Chanab Sela,DUST
Bp154,Super Chanab Sela,EMPTY BAGS WEIGHT
Bp155,Super Chanab Sela,EXCESS EXPORT
Bp156,Super Chanab Sela,WEIGHT LOSS
Bp157,Super Chanab Steam,FINISHED GOODS
Bp158,Super Chanab Steam,B-Q
Bp159,Super Chanab Steam,B-1
Bp160,Super Chanab Steam,B-2
Bp161,Super Chanab Steam,B-2 CSR
Bp162,Super Chanab Steam,B-3
Bp163,Super Chanab Steam,CSR
Bp164,Super Chanab Steam,PADDY
Bp165,Super Chanab Steam,CHOBA
Bp166,Super Chanab Steam,RICE POLISH
Bp167,Super Chanab Steam,DUST
Bp168,Super Chanab Steam,EMPTY BAGS WEIGHT
Bp169,Super Chanab Steam,EXCESS EXPORT
Bp170,Super Chanab Steam,WEIGHT LOSS
Bp171,D-98 White,FINISHED GOODS
Bp172,D-98 White,B-Q
Bp173,D-98 White,B-1
Bp174,D-98 White,B-2
Bp175,D-98 White,B-2 CSR
Bp176,D-98 White,B-3
Bp177,D-98 White,CSR
Bp178,D-98 White,PADDY
Bp179,D-98 White,CHOBA
Bp180,D-98 White,RICE POLISH
Bp181,D-98 White,DUST
Bp182,D-98 White,EMPTY BAGS WEIGHT
Bp183,D-98 White,EXCESS EXPORT
Bp184,D-98 White,WEIGHT LOSS
Bp185,D-98 Sela,FINISHED GOODS
Bp186,D-98 Sela,B-Q
Bp187,D-98 Sela,B-1
Bp188,D-98 Sela,B-2
Bp189,D-98 Sela,B-2 CSR
Bp190,D-98 Sela,B-3
Bp191,D-98 Sela,CSR
Bp192,D-98 Sela,PADDY
Bp193,D-98 Sela,CHOBA
Bp194,D-98 Sela,RICE POLISH
Bp195,D-98 Sela,DUST
Bp196,D-98 Sela,EMPTY BAGS WEIGHT
Bp197,D-98 Sela,EXCESS EXPORT
Bp198,D-98 Sela,WEIGHT LOSS
Bp199,D-98 Steam,FINISHED GOODS
Bp200,D-98 Steam,B-Q
Bp201,D-98 Steam,B-1
Bp202,D-98 Steam,B-2
Bp203,D-98 Steam,B-2 CSR
Bp204,D-98 Steam,B-3
Bp205,D-98 Steam,CSR
Bp206,D-98 Steam,PADDY
Bp207,D-98 Steam,CHOBA
Bp208,D-98 Steam,RICE POLISH
Bp209,D-98 Steam,DUST
Bp210,D-98 Steam,EMPTY BAGS WEIGHT
Bp211,D-98 Steam,EXCESS EXPORT
Bp212,D-98 Steam,WEIGHT LOSS
Bp213,Irri-6 White,FINISHED GOODS
Bp214,Irri-6 White,FINISHED GOODS 100% BROKEN
Bp215,Irri-6 White,B-Q
Bp216,Irri-6 White,B-1
Bp217,Irri-6 White,B-2
Bp218,Irri-6 White,B-2 CSR
Bp219,Irri-6 White,B-3
Bp220,Irri-6 White,CSR
Bp221,Irri-6 White,CSR H/R
Bp222,Irri-6 White,CSR FINAL H/R
Bp223,Irri-6 White,KACHAR
Bp224,Irri-6 White,STONES
Bp225,Irri-6 White,B-2 CSR (S)
Bp226,Irri-6 White,B-2 CSR (US)
Bp227,Irri-6 White,PADDY
Bp228,Irri-6 White,PADDY H/R
Bp229,Irri-6 White,CHOBA
Bp230,Irri-6 White,RICE POLISH
Bp231,Irri-6 White,DUST
Bp232,Irri-6 White,EMPTY BAGS WEIGHT
Bp233,Irri-6 White,EXCESS EXPORT
Bp234,Irri-6 White,WEIGHT LOSS
Bp235,Irri-6 Sela,FINISHED GOODS
Bp236,Irri-6 Sela,B-Q
Bp237,Irri-6 Sela,B-1
Bp238,Irri-6 Sela,B-2
Bp239,Irri-6 Sela,B-2 CSR
Bp240,Irri-6 Sela,B-3
Bp241,Irri-6 Sela,CSR
Bp242,Irri-6 Sela,PADDY
Bp243,Irri-6 Sela,CHOBA
Bp244,Irri-6 Sela,RICE POLISH
Bp245,Irri-6 Sela,DUST
Bp246,Irri-6 Sela,EMPTY BAGS WEIGHT
Bp247,Irri-6 Sela,EXCESS EXPORT
Bp248,Irri-6 Sela,WEIGHT LOSS
Bp249,Irri-6 Steam,FINISHED GOODS
Bp250,Irri-6 Steam,B-Q
Bp251,Irri-6 Steam,B-1
Bp252,Irri-6 Steam,B-2
Bp253,Irri-6 Steam,B-2 CSR
Bp254,Irri-6 Steam,B-3
Bp255,Irri-6 Steam,CSR
Bp256,Irri-6 Steam,PADDY
Bp257,Irri-6 Steam,CHOBA
Bp258,Irri-6 Steam,RICE POLISH
Bp259,Irri-6 Steam,DUST
Bp260,Irri-6 Steam,EMPTY BAGS WEIGHT
Bp261,Irri-6 Steam,EXCESS EXPORT
Bp262,Irri-6 Steam,WEIGHT LOSS
Bp263,C-9 White,FINISHED GOODS
Bp264,C-9 White,B-Q
Bp265,C-9 White,B-1
Bp266,C-9 White,B-2
Bp267,C-9 White,B-2 CSR
Bp268,C-9 White,B-3
Bp269,C-9 White,CSR
Bp270,C-9 White,CSR H/R
Bp271,C-9 White,PADDY
Bp272,C-9 White,CHOBA
Bp273,C-9 White,RICE POLISH
Bp274,C-9 White,DUST
Bp275,C-9 White,EMPTY BAGS WEIGHT
Bp276,C-9 White,EXCESS EXPORT
Bp277,C-9 White,WEIGHT LOSS
Bp278,C-9 Sela,FINISHED GOODS
Bp279,C-9 Sela,B-Q
Bp280,C-9 Sela,B-1
Bp281,C-9 Sela,B-2
Bp282,C-9 Sela,B-2 CSR
Bp283,C-9 Sela,B-3
Bp284,C-9 Sela,CSR
Bp285,C-9 Sela,CSR H/R
Bp286,C-9 Sela,PADDY
Bp287,C-9 Sela,CHOBA
Bp288,C-9 Sela,RICE POLISH
Bp289,C-9 Sela,DUST
Bp290,C-9 Sela,EMPTY BAGS WEIGHT
Bp291,C-9 Sela,EXCESS EXPORT
Bp292,C-9 Sela,WEIGHT LOSS
Bp293,C-9 Steam,FINISHED GOODS
Bp294,C-9 Steam,B-Q
Bp295,C-9 Steam,B-1
Bp296,C-9 Steam,B-2
Bp297,C-9 Steam,B-2 CSR
Bp298,C-9 Steam,B-3
Bp299,C-9 Steam,CSR
Bp300,C-9 Steam,CSR H/R
Bp301,C-9 Steam,PADDY
Bp302,C-9 Steam,CHOBA
Bp303,C-9 Steam,RICE POLISH
Bp304,C-9 Steam,DUST
Bp305,C-9 Steam,EMPTY BAGS WEIGHT
Bp306,C-9 Steam,EXCESS EXPORT
Bp307,C-9 Steam,WEIGHT LOSS
Bp308,Super Fine White,FINISHED GOODS
Bp309,Super Fine White,B-Q
Bp310,Super Fine White,B-1
Bp311,Super Fine White,B-2
Bp312,Super Fine White,B-2 CSR
Bp313,Super Fine White,B-3
Bp314,Super Fine White,CSR
Bp315,Super Fine White,PADDY
Bp316,Super Fine White,CHOBA
Bp317,Super Fine White,RICE POLISH
Bp318,Super Fine White,DUST
Bp319,Super Fine White,EMPTY BAGS WEIGHT
Bp320,Super Fine White,EXCESS EXPORT
Bp321,Super Fine White,WEIGHT LOSS
Bp322,Super Fine Sela,FINISHED GOODS
Bp323,Super Fine Sela,B-Q
Bp324,Super Fine Sela,B-1
Bp325,Super Fine Sela,B-2
Bp326,Super Fine Sela,B-2 CSR
Bp327,Super Fine Sela,B-3
Bp328,Super Fine Sela,CSR
Bp329,Super Fine Sela,PADDY
Bp330,Super Fine Sela,CHOBA
Bp331,Super Fine Sela,RICE POLISH
Bp332,Super Fine Sela,DUST
Bp333,Super Fine Sela,EMPTY BAGS WEIGHT
Bp334,Super Fine Sela,EXCESS EXPORT
Bp335,Super Fine Sela,WEIGHT LOSS
Bp336,Super Fine Steam,FINISHED GOODS
Bp337,Super Fine Steam,B-Q
Bp338,Super Fine Steam,B-1
Bp339,Super Fine Steam,B-2
Bp340,Super Fine Steam,B-2 CSR
Bp341,Super Fine Steam,B-3
Bp342,Super Fine Steam,CSR
Bp343,Super Fine Steam,PADDY
Bp344,Super Fine Steam,CHOBA
Bp345,Super Fine Steam,RICE POLISH
Bp346,Super Fine Steam,DUST
Bp347,Super Fine Steam,EMPTY BAGS WEIGHT
Bp348,Super Fine Steam,EXCESS EXPORT
Bp349,Super Fine Steam,WEIGHT LOSS
Bp350,386 White,FINISHED GOODS
Bp351,386 White,B-Q
Bp352,386 White,B-1
Bp353,386 White,B-2
Bp354,386 White,B-2 CSR
Bp355,386 White,B-3
Bp356,386 White,CSR
Bp357,386 White,PADDY
Bp358,386 White,CHOBA
Bp359,386 White,RICE POLISH
Bp360,386 White,DUST
Bp361,386 White,EMPTY BAGS WEIGHT
Bp362,386 White,EXCESS EXPORT
Bp363,386 White,WEIGHT LOSS
Bp364,386 Sela,FINISHED GOODS
Bp365,386 Sela,B-Q
Bp366,386 Sela,B-1
Bp367,386 Sela,B-2
Bp368,386 Sela,B-2 CSR
Bp369,386 Sela,B-3
Bp370,386 Sela,CSR
Bp371,386 Sela,PADDY
Bp372,386 Sela,CHOBA
Bp373,386 Sela,RICE POLISH
Bp374,386 Sela,DUST
Bp375,386 Sela,EMPTY BAGS WEIGHT
Bp376,386 Sela,EXCESS EXPORT
Bp377,386 Sela,WEIGHT LOSS
Bp378,386 Steam,FINISHED GOODS
Bp379,386 Steam,B-Q
Bp380,386 Steam,B-1
Bp381,386 Steam,B-2
Bp382,386 Steam,B-2 CSR
Bp383,386 Steam,B-3
Bp384,386 Steam,CSR
Bp385,386 Steam,PADDY
Bp386,386 Steam,CHOBA
Bp387,386 Steam,RICE POLISH
Bp388,386 Steam,DUST
Bp389,386 Steam,EMPTY BAGS WEIGHT
Bp390,386 Steam,EXCESS EXPORT
Bp391,386 Steam,WEIGHT LOSS
Bp392,Basmati 385 White,FINISHED GOODS
Bp393,Basmati 385 White,B-Q
Bp394,Basmati 385 White,B-1
Bp395,Basmati 385 White,B-2
Bp396,Basmati 385 White,B-2 CSR
Bp397,Basmati 385 White,B-3
Bp398,Basmati 385 White,CSR
Bp399,Basmati 385 White,PADDY
Bp400,Basmati 385 White,CHOBA
Bp401,Basmati 385 White,RICE POLISH
Bp402,Basmati 385 White,DUST
Bp403,Basmati 385 White,EMPTY BAGS WEIGHT
Bp404,Basmati 385 White,EXCESS EXPORT
Bp405,Basmati 385 White,WEIGHT LOSS
Bp406,Basmati 385 Sela,FINISHED GOODS
Bp407,Basmati 385 Sela,B-Q
Bp408,Basmati 385 Sela,B-1
Bp409,Basmati 385 Sela,B-2
Bp410,Basmati 385 Sela,B-2 CSR
Bp411,Basmati 385 Sela,B-3
Bp412,Basmati 385 Sela,CSR
Bp413,Basmati 385 Sela,PADDY
Bp414,Basmati 385 Sela,CHOBA
Bp415,Basmati 385 Sela,RICE POLISH
Bp416,Basmati 385 Sela,DUST
Bp417,Basmati 385 Sela,EMPTY BAGS WEIGHT
Bp418,Basmati 385 Sela,EXCESS EXPORT
Bp419,Basmati 385 Sela,WEIGHT LOSS
Bp420,Basmati 385 Steam,FINISHED GOODS
Bp421,Basmati 385 Steam,B-Q
Bp422,Basmati 385 Steam,B-1
Bp423,Basmati 385 Steam,B-2
Bp424,Basmati 385 Steam,B-2 CSR
Bp425,Basmati 385 Steam,B-3
Bp426,Basmati 385 Steam,CSR
Bp427,Basmati 385 Steam,PADDY
Bp428,Basmati 385 Steam,CHOBA
Bp429,Basmati 385 Steam,RICE POLISH
Bp430,Basmati 385 Steam,DUST
Bp431,Basmati 385 Steam,EMPTY BAGS WEIGHT
Bp432,Basmati 385 Steam,EXCESS EXPORT
Bp433,Basmati 385 Steam,WEIGHT LOSS
Bp434,Irri-9 White,FINISHED GOODS
Bp435,Irri-9 White,B-Q
Bp436,Irri-9 White,B-1
Bp437,Irri-9 White,B-2
Bp438,Irri-9 White,B-2 CSR
Bp439,Irri-9 White,B-3
Bp440,Irri-9 White,CSR
Bp441,Irri-9 White,PADDY
Bp442,Irri-9 White,CHOBA
Bp443,Irri-9 White,RICE POLISH
Bp444,Irri-9 White,DUST
Bp445,Irri-9 White,EMPTY BAGS WEIGHT
Bp446,Irri-9 White,EXCESS EXPORT
Bp447,Irri-9 White,WEIGHT LOSS
Bp448,Irri-9 Sela,FINISHED GOODS
Bp449,Irri-9 Sela,B-Q
Bp450,Irri-9 Sela,B-1
Bp451,Irri-9 Sela,B-2
Bp452,Irri-9 Sela,B-2 CSR
Bp453,Irri-9 Sela,B-3
Bp454,Irri-9 Sela,CSR
Bp455,Irri-9 Sela,PADDY
Bp456,Irri-9 Sela,CHOBA
Bp457,Irri-9 Sela,RICE POLISH
Bp458,Irri-9 Sela,DUST
Bp459,Irri-9 Sela,EMPTY BAGS WEIGHT
Bp460,Irri-9 Sela,EXCESS EXPORT
Bp461,Irri-9 Sela,WEIGHT LOSS
Bp462,Irri-9 Steam,FINISHED GOODS
Bp463,Irri-9 Steam,B-Q
Bp464,Irri-9 Steam,B-1
Bp465,Irri-9 Steam,B-2
Bp466,Irri-9 Steam,B-2 CSR
Bp467,Irri-9 Steam,B-3
Bp468,Irri-9 Steam,CSR
Bp469,Irri-9 Steam,PADDY
Bp470,Irri-9 Steam,CHOBA
Bp471,Irri-9 Steam,RICE POLISH
Bp472,Irri-9 Steam,DUST
Bp473,Irri-9 Steam,EMPTY BAGS WEIGHT
Bp474,Irri-9 Steam,EXCESS EXPORT
Bp475,Irri-9 Steam,WEIGHT LOSS
Bp476,Lal 386 White,FINISHED GOODS
Bp477,Lal 386 White,B-Q
Bp478,Lal 386 White,B-1
Bp479,Lal 386 White,B-2
Bp480,Lal 386 White,B-2 CSR
Bp481,Lal 386 White,B-3
Bp482,Lal 386 White,CSR
Bp483,Lal 386 White,PADDY
Bp484,Lal 386 White,CHOBA
Bp485,Lal 386 White,RICE POLISH
Bp486,Lal 386 White,DUST
Bp487,Lal 386 White,EMPTY BAGS WEIGHT
Bp488,Lal 386 White,EXCESS EXPORT
Bp489,Lal 386 White,WEIGHT LOSS
Bp490,Lal 386 Sela,FINISHED GOODS
Bp491,Lal 386 Sela,B-Q
Bp492,Lal 386 Sela,B-1
Bp493,Lal 386 Sela,B-2
Bp494,Lal 386 Sela,B-2 CSR
Bp495,Lal 386 Sela,B-3
Bp496,Lal 386 Sela,CSR
Bp497,Lal 386 Sela,PADDY
Bp498,Lal 386 Sela,CHOBA
Bp499,Lal 386 Sela,RICE POLISH
Bp500,Lal 386 Sela,DUST
Bp501,Lal 386 Sela,EMPTY BAGS WEIGHT
Bp502,Lal 386 Sela,EXCESS EXPORT
Bp503,Lal 386 Sela,WEIGHT LOSS
Bp504,Lal 386 Steam,FINISHED GOODS
Bp505,Lal 386 Steam,B-Q
Bp506,Lal 386 Steam,B-1
Bp507,Lal 386 Steam,B-2
Bp508,Lal 386 Steam,B-2 CSR
Bp509,Lal 386 Steam,B-3
Bp510,Lal 386 Steam,CSR
Bp511,Lal 386 Steam,PADDY
Bp512,Lal 386 Steam,CHOBA
Bp513,Lal 386 Steam,RICE POLISH
Bp514,Lal 386 Steam,DUST
Bp515,Lal 386 Steam,EMPTY BAGS WEIGHT
Bp516,Lal 386 Steam,EXCESS EXPORT
Bp517,Lal 386 Steam,WEIGHT LOSS
Bp518,Supri White,FINISHED GOODS
Bp519,Supri White,B-Q
Bp520,Supri White,B-1
Bp521,Supri White,B-2
Bp522,Supri White,B-2 CSR
Bp523,Supri White,B-3
Bp524,Supri White,CSR
Bp525,Supri White,PADDY
Bp526,Supri White,CHOBA
Bp527,Supri White,RICE POLISH
Bp528,Supri White,DUST
Bp529,Supri White,EMPTY BAGS WEIGHT
Bp530,Supri White,EXCESS EXPORT
Bp531,Supri White,WEIGHT LOSS
Bp532,Supri Sela,FINISHED GOODS
Bp533,Supri Sela,B-Q
Bp534,Supri Sela,B-1
Bp535,Supri Sela,B-2
Bp536,Supri Sela,B-2 CSR
Bp537,Supri Sela,B-3
Bp538,Supri Sela,CSR
Bp539,Supri Sela,PADDY
Bp540,Supri Sela,CHOBA
Bp541,Supri Sela,RICE POLISH
Bp542,Supri Sela,DUST
Bp543,Supri Sela,EMPTY BAGS WEIGHT
Bp544,Supri Sela,EXCESS EXPORT
Bp545,Supri Sela,WEIGHT LOSS
Bp546,Supri Steam,FINISHED GOODS
Bp547,Supri Steam,B-Q
Bp548,Supri Steam,B-1
Bp549,Supri Steam,B-2
Bp550,Supri Steam,B-2 CSR
Bp551,Supri Steam,B-3
Bp552,Supri Steam,CSR
Bp553,Supri Steam,PADDY
Bp554,Supri Steam,CHOBA
Bp555,Supri Steam,RICE POLISH
Bp556,Supri Steam,DUST
Bp557,Supri Steam,EMPTY BAGS WEIGHT
Bp558,Supri Steam,EXCESS EXPORT
Bp559,Supri Steam,WEIGHT LOSS
Bp560,Super Brown,FINISHED GOODS
Bp561,Super Brown,B-Q
Bp562,Super Brown,B-1
Bp563,Super Brown,B-2
Bp564,Super Brown,B-2 CSR
Bp565,Super Brown,B-3
Bp566,Super Brown,CSR
Bp567,Super Brown,PADDY
Bp568,Super Brown,CHOBA
Bp569,Super Brown,RICE POLISH
Bp570,Super Brown,DUST
Bp571,Super Brown,EMPTY BAGS WEIGHT
Bp572,Super Brown,EXCESS EXPORT
Bp573,Super Brown,WEIGHT LOSS
Bp574,Super Brown Sela,FINISHED GOODS
Bp575,Super Brown Sela,B-Q
Bp576,Super Brown Sela,B-1
Bp577,Super Brown Sela,B-2
Bp578,Super Brown Sela,B-2 CSR
Bp579,Super Brown Sela,B-3
Bp580,Super Brown Sela,CSR
Bp581,Super Brown Sela,PADDY
Bp582,Super Brown Sela,CHOBA
Bp583,Super Brown Sela,RICE POLISH
Bp584,Super Brown Sela,DUST
Bp585,Super Brown Sela,EMPTY BAGS WEIGHT
Bp586,Super Brown Sela,EXCESS EXPORT
Bp587,Super Brown Sela,WEIGHT LOSS
Bp588,Super Brown Steam,FINISHED GOODS
Bp589,Super Brown Steam,B-Q
Bp590,Super Brown Steam,B-1
Bp591,Super Brown Steam,B-2
Bp592,Super Brown Steam,B-2 CSR
Bp593,Super Brown Steam,B-3
Bp594,Super Brown Steam,CSR
Bp595,Super Brown Steam,PADDY
Bp596,Super Brown Steam,CHOBA
Bp597,Super Brown Steam,RICE POLISH
Bp598,Super Brown Steam,DUST
Bp599,Super Brown Steam,EMPTY BAGS WEIGHT
Bp600,Super Brown Steam,EXCESS EXPORT
Bp601,Super Brown Steam,WEIGHT LOSS
Bp602,1121 Brown,FINISHED GOODS
Bp603,1121 Brown,B-Q
Bp604,1121 Brown,B-1
Bp605,1121 Brown,B-2
Bp606,1121 Brown,B-2 CSR
Bp607,1121 Brown,B-3
Bp608,1121 Brown,CSR
Bp609,1121 Brown,PADDY
Bp610,1121 Brown,CHOBA
Bp611,1121 Brown,RICE POLISH
Bp612,1121 Brown,DUST
Bp613,1121 Brown,EMPTY BAGS WEIGHT
Bp614,1121 Brown,EXCESS EXPORT
Bp615,1121 Brown,WEIGHT LOSS
Bp616,1121 Brown Sela,FINISHED GOODS
Bp617,1121 Brown Sela,B-Q
Bp618,1121 Brown Sela,B-1
Bp619,1121 Brown Sela,B-2
Bp620,1121 Brown Sela,B-2 CSR
Bp621,1121 Brown Sela,B-3
Bp622,1121 Brown Sela,CSR
Bp623,1121 Brown Sela,PADDY
Bp624,1121 Brown Sela,CHOBA
Bp625,1121 Brown Sela,RICE POLISH
Bp626,1121 Brown Sela,DUST
Bp627,1121 Brown Sela,EMPTY BAGS WEIGHT
Bp628,1121 Brown Sela,EXCESS EXPORT
Bp629,1121 Brown Sela,WEIGHT LOSS
Bp630,1121 Brown Steam,FINISHED GOODS
Bp631,1121 Brown Steam,B-Q
Bp632,1121 Brown Steam,B-1
Bp633,1121 Brown Steam,B-2
Bp634,1121 Brown Steam,B-2 CSR
Bp635,1121 Brown Steam,B-3
Bp636,1121 Brown Steam,CSR
Bp637,1121 Brown Steam,PADDY
Bp638,1121 Brown Steam,CHOBA
Bp639,1121 Brown Steam,RICE POLISH
Bp640,1121 Brown Steam,DUST
Bp641,1121 Brown Steam,EMPTY BAGS WEIGHT
Bp642,1121 Brown Steam,EXCESS EXPORT
Bp643,1121 Brown Steam,WEIGHT LOSS
Bp644,1509 Brown,FINISHED GOODS
Bp645,1509 Brown,B-Q
Bp646,1509 Brown,B-1
Bp647,1509 Brown,B-2
Bp648,1509 Brown,B-2 CSR
Bp649,1509 Brown,B-3
Bp650,1509 Brown,CSR
Bp651,1509 Brown,PADDY
Bp652,1509 Brown,CHOBA
Bp653,1509 Brown,RICE POLISH
Bp654,1509 Brown,DUST
Bp655,1509 Brown,EMPTY BAGS WEIGHT
Bp656,1509 Brown,EXCESS EXPORT
Bp657,1509 Brown,WEIGHT LOSS
Bp658,1509 Brown Sela,FINISHED GOODS
Bp659,1509 Brown Sela,B-Q
Bp660,1509 Brown Sela,B-1
Bp661,1509 Brown Sela,B-2
Bp662,1509 Brown Sela,B-2 CSR
Bp663,1509 Brown Sela,B-3
Bp664,1509 Brown Sela,CSR
Bp665,1509 Brown Sela,PADDY
Bp666,1509 Brown Sela,CHOBA
Bp667,1509 Brown Sela,RICE POLISH
Bp668,1509 Brown Sela,DUST
Bp669,1509 Brown Sela,EMPTY BAGS WEIGHT
Bp670,1509 Brown Sela,EXCESS EXPORT
Bp671,1509 Brown Sela,WEIGHT LOSS
Bp672,1509 Brown Steam,FINISHED GOODS
Bp673,1509 Brown Steam,B-Q
Bp674,1509 Brown Steam,B-1
Bp675,1509 Brown Steam,B-2
Bp676,1509 Brown Steam,B-2 CSR
Bp677,1509 Brown Steam,B-3
Bp678,1509 Brown Steam,CSR
Bp679,1509 Brown Steam,PADDY
Bp680,1509 Brown Steam,CHOBA
Bp681,1509 Brown Steam,RICE POLISH
Bp682,1509 Brown Steam,DUST
Bp683,1509 Brown Steam,EMPTY BAGS WEIGHT
Bp684,1509 Brown Steam,EXCESS EXPORT
Bp685,1509 Brown Steam,WEIGHT LOSS
Bp686,Super Chanab Brown,FINISHED GOODS
Bp687,Super Chanab Brown,B-Q
Bp688,Super Chanab Brown,B-1
Bp689,Super Chanab Brown,B-2
Bp690,Super Chanab Brown,B-2 CSR
Bp691,Super Chanab Brown,B-3
Bp692,Super Chanab Brown,CSR
Bp693,Super Chanab Brown,PADDY
Bp694,Super Chanab Brown,CHOBA
Bp695,Super Chanab Brown,RICE POLISH
Bp696,Super Chanab Brown,DUST
Bp697,Super Chanab Brown,EMPTY BAGS WEIGHT
Bp698,Super Chanab Brown,EXCESS EXPORT
Bp699,Super Chanab Brown,WEIGHT LOSS
Bp700,Super Chanab Brown Sela,FINISHED GOODS
Bp701,Super Chanab Brown Sela,B-Q
Bp702,Super Chanab Brown Sela,B-1
Bp703,Super Chanab Brown Sela,B-2
Bp704,Super Chanab Brown Sela,B-2 CSR
Bp705,Super Chanab Brown Sela,B-3
Bp706,Super Chanab Brown Sela,CSR
Bp707,Super Chanab Brown Sela,PADDY
Bp708,Super Chanab Brown Sela,CHOBA
Bp709,Super Chanab Brown Sela,RICE POLISH
Bp710,Super Chanab Brown Sela,DUST
Bp711,Super Chanab Brown Sela,EMPTY BAGS WEIGHT
Bp712,Super Chanab Brown Sela,EXCESS EXPORT
Bp713,Super Chanab Brown Sela,WEIGHT LOSS
Bp714,Super Chanab Brown Steam,FINISHED GOODS
Bp715,Super Chanab Brown Steam,B-Q
Bp716,Super Chanab Brown Steam,B-1
Bp717,Super Chanab Brown Steam,B-2
Bp718,Super Chanab Brown Steam,B-2 CSR
Bp719,Super Chanab Brown Steam,B-3
Bp720,Super Chanab Brown Steam,CSR
Bp721,Super Chanab Brown Steam,PADDY
Bp722,Super Chanab Brown Steam,CHOBA
Bp723,Super Chanab Brown Steam,RICE POLISH
Bp724,Super Chanab Brown Steam,DUST
Bp725,Super Chanab Brown Steam,EMPTY BAGS WEIGHT
Bp726,Super Chanab Brown Steam,EXCESS EXPORT
Bp727,Super Chanab Brown Steam,WEIGHT LOSS
Bp728,D-98 Brown,FINISHED GOODS
Bp729,D-98 Brown,B-Q
Bp730,D-98 Brown,B-1
Bp731,D-98 Brown,B-2
Bp732,D-98 Brown,B-2 CSR
Bp733,D-98 Brown,B-3
Bp734,D-98 Brown,CSR
Bp735,D-98 Brown,PADDY
Bp736,D-98 Brown,CHOBA
Bp737,D-98 Brown,RICE POLISH
Bp738,D-98 Brown,DUST
Bp739,D-98 Brown,EMPTY BAGS WEIGHT
Bp740,D-98 Brown,EXCESS EXPORT
Bp741,D-98 Brown,WEIGHT LOSS
Bp742,D-98 Brown Sela,FINISHED GOODS
Bp743,D-98 Brown Sela,B-Q
Bp744,D-98 Brown Sela,B-1
Bp745,D-98 Brown Sela,B-2
Bp746,D-98 Brown Sela,B-2 CSR
Bp747,D-98 Brown Sela,B-3
Bp748,D-98 Brown Sela,CSR
Bp749,D-98 Brown Sela,PADDY
Bp750,D-98 Brown Sela,CHOBA
Bp751,D-98 Brown Sela,RICE POLISH
Bp752,D-98 Brown Sela,DUST
Bp753,D-98 Brown Sela,EMPTY BAGS WEIGHT
Bp754,D-98 Brown Sela,EXCESS EXPORT
Bp755,D-98 Brown Sela,WEIGHT LOSS
Bp756,D-98 Brown Steam,FINISHED GOODS
Bp757,D-98 Brown Steam,B-Q
Bp758,D-98 Brown Steam,B-1
Bp759,D-98 Brown Steam,B-2
Bp760,D-98 Brown Steam,B-2 CSR
Bp761,D-98 Brown Steam,B-3
Bp762,D-98 Brown Steam,CSR
Bp763,D-98 Brown Steam,PADDY
Bp764,D-98 Brown Steam,CHOBA
Bp765,D-98 Brown Steam,RICE POLISH
Bp766,D-98 Brown Steam,DUST
Bp767,D-98 Brown Steam,EMPTY BAGS WEIGHT
Bp768,D-98 Brown Steam,EXCESS EXPORT
Bp769,D-98 Brown Steam,WEIGHT LOSS
Bp770,Irri-6 Brown,FINISHED GOODS
Bp771,Irri-6 Brown,B-Q
Bp772,Irri-6 Brown,B-1
Bp773,Irri-6 Brown,B-2
Bp774,Irri-6 Brown,B-2 CSR
Bp775,Irri-6 Brown,B-3
Bp776,Irri-6 Brown,CSR
Bp777,Irri-6 Brown,PADDY
Bp778,Irri-6 Brown,CHOBA
Bp779,Irri-6 Brown,RICE POLISH
Bp780,Irri-6 Brown,DUST
Bp781,Irri-6 Brown,EMPTY BAGS WEIGHT
Bp782,Irri-6 Brown,EXCESS EXPORT
Bp783,Irri-6 Brown,WEIGHT LOSS
Bp784,Irri-6 Brown Sela,FINISHED GOODS
Bp785,Irri-6 Brown Sela,B-Q
Bp786,Irri-6 Brown Sela,B-1
Bp787,Irri-6 Brown Sela,B-2
Bp788,Irri-6 Brown Sela,B-2 CSR
Bp789,Irri-6 Brown Sela,B-3
Bp790,Irri-6 Brown Sela,CSR
Bp791,Irri-6 Brown Sela,PADDY
Bp792,Irri-6 Brown Sela,CHOBA
Bp793,Irri-6 Brown Sela,RICE POLISH
Bp794,Irri-6 Brown Sela,DUST
Bp795,Irri-6 Brown Sela,EMPTY BAGS WEIGHT
Bp796,Irri-6 Brown Sela,EXCESS EXPORT
Bp797,Irri-6 Brown Sela,WEIGHT LOSS
Bp798,Irri-6 Brown Steam,FINISHED GOODS
Bp799,Irri-6 Brown Steam,B-Q
Bp800,Irri-6 Brown Steam,B-1
Bp801,Irri-6 Brown Steam,B-2
Bp802,Irri-6 Brown Steam,B-2 CSR
Bp803,Irri-6 Brown Steam,B-3
Bp804,Irri-6 Brown Steam,CSR
Bp805,Irri-6 Brown Steam,PADDY
Bp806,Irri-6 Brown Steam,CHOBA
Bp807,Irri-6 Brown Steam,RICE POLISH
Bp808,Irri-6 Brown Steam,DUST
Bp809,Irri-6 Brown Steam,EMPTY BAGS WEIGHT
Bp810,Irri-6 Brown Steam,EXCESS EXPORT
Bp811,Irri-6 Brown Steam,WEIGHT LOSS
Bp812,C-9 Brown,FINISHED GOODS
Bp813,C-9 Brown,B-Q
Bp814,C-9 Brown,B-1
Bp815,C-9 Brown,B-2
Bp816,C-9 Brown,B-2 CSR
Bp817,C-9 Brown,B-3
Bp818,C-9 Brown,CSR
Bp819,C-9 Brown,PADDY
Bp820,C-9 Brown,CHOBA
Bp821,C-9 Brown,RICE POLISH
Bp822,C-9 Brown,DUST
Bp823,C-9 Brown,EMPTY BAGS WEIGHT
Bp824,C-9 Brown,EXCESS EXPORT
Bp825,C-9 Brown,WEIGHT LOSS
Bp826,C-9 Brown Sela,FINISHED GOODS
Bp827,C-9 Brown Sela,B-Q
Bp828,C-9 Brown Sela,B-1
Bp829,C-9 Brown Sela,B-2
Bp830,C-9 Brown Sela,B-2 CSR
Bp831,C-9 Brown Sela,B-3
Bp832,C-9 Brown Sela,CSR
Bp833,C-9 Brown Sela,PADDY
Bp834,C-9 Brown Sela,CHOBA
Bp835,C-9 Brown Sela,RICE POLISH
Bp836,C-9 Brown Sela,DUST
Bp837,C-9 Brown Sela,EMPTY BAGS WEIGHT
Bp838,C-9 Brown Sela,EXCESS EXPORT
Bp839,C-9 Brown Sela,WEIGHT LOSS
Bp840,C-9 Brown Steam,FINISHED GOODS
Bp841,C-9 Brown Steam,B-Q
Bp842,C-9 Brown Steam,B-1
Bp843,C-9 Brown Steam,B-2
Bp844,C-9 Brown Steam,B-2 CSR
Bp845,C-9 Brown Steam,B-3
Bp846,C-9 Brown Steam,CSR
Bp847,C-9 Brown Steam,PADDY
Bp848,C-9 Brown Steam,CHOBA
Bp849,C-9 Brown Steam,RICE POLISH
Bp850,C-9 Brown Steam,DUST
Bp851,C-9 Brown Steam,EMPTY BAGS WEIGHT
Bp852,C-9 Brown Steam,EXCESS EXPORT
Bp853,C-9 Brown Steam,WEIGHT LOSS
Bp854,Super Fine Brown,FINISHED GOODS
Bp855,Super Fine Brown,B-Q
Bp856,Super Fine Brown,B-1
Bp857,Super Fine Brown,B-2
Bp858,Super Fine Brown,B-2 CSR
Bp859,Super Fine Brown,B-3
Bp860,Super Fine Brown,CSR
Bp861,Super Fine Brown,PADDY
Bp862,Super Fine Brown,CHOBA
Bp863,Super Fine Brown,RICE POLISH
Bp864,Super Fine Brown,DUST
Bp865,Super Fine Brown,EMPTY BAGS WEIGHT
Bp866,Super Fine Brown,EXCESS EXPORT
Bp867,Super Fine Brown,WEIGHT LOSS
Bp868,Super Fine Brown Sela,FINISHED GOODS
Bp869,Super Fine Brown Sela,B-Q
Bp870,Super Fine Brown Sela,B-1
Bp871,Super Fine Brown Sela,B-2
Bp872,Super Fine Brown Sela,B-2 CSR
Bp873,Super Fine Brown Sela,B-3
Bp874,Super Fine Brown Sela,CSR
Bp875,Super Fine Brown Sela,PADDY
Bp876,Super Fine Brown Sela,CHOBA
Bp877,Super Fine Brown Sela,RICE POLISH
Bp878,Super Fine Brown Sela,DUST
Bp879,Super Fine Brown Sela,EMPTY BAGS WEIGHT
Bp880,Super Fine Brown Sela,EXCESS EXPORT
Bp881,Super Fine Brown Sela,WEIGHT LOSS
Bp882,Super Fine Brown Steam,FINISHED GOODS
Bp883,Super Fine Brown Steam,B-Q
Bp884,Super Fine Brown Steam,B-1
Bp885,Super Fine Brown Steam,B-2
Bp886,Super Fine Brown Steam,B-2 CSR
Bp887,Super Fine Brown Steam,B-3
Bp888,Super Fine Brown Steam,CSR
Bp889,Super Fine Brown Steam,PADDY
Bp890,Super Fine Brown Steam,CHOBA
Bp891,Super Fine Brown Steam,RICE POLISH
Bp892,Super Fine Brown Steam,DUST
Bp893,Super Fine Brown Steam,EMPTY BAGS WEIGHT
Bp894,Super Fine Brown Steam,EXCESS EXPORT
Bp895,Super Fine Brown Steam,WEIGHT LOSS
Bp896,386 Brown,FINISHED GOODS
Bp897,386 Brown,B-Q
Bp898,386 Brown,B-1
Bp899,386 Brown,B-2
Bp900,386 Brown,B-2 CSR
Bp901,386 Brown,B-3
Bp902,386 Brown,CSR
Bp903,386 Brown,PADDY
Bp904,386 Brown,CHOBA
Bp905,386 Brown,RICE POLISH
Bp906,386 Brown,DUST
Bp907,386 Brown,EMPTY BAGS WEIGHT
Bp908,386 Brown,EXCESS EXPORT
Bp909,386 Brown,WEIGHT LOSS
Bp910,386 Brown Sela,FINISHED GOODS
Bp911,386 Brown Sela,B-Q
Bp912,386 Brown Sela,B-1
Bp913,386 Brown Sela,B-2
Bp914,386 Brown Sela,B-2 CSR
Bp915,386 Brown Sela,B-3
Bp916,386 Brown Sela,CSR
Bp917,386 Brown Sela,PADDY
Bp918,386 Brown Sela,CHOBA
Bp919,386 Brown Sela,RICE POLISH
Bp920,386 Brown Sela,DUST
Bp921,386 Brown Sela,EMPTY BAGS WEIGHT
Bp922,386 Brown Sela,EXCESS EXPORT
Bp923,386 Brown Sela,WEIGHT LOSS
Bp924,386 Brown Steam,FINISHED GOODS
Bp925,386 Brown Steam,B-Q
Bp926,386 Brown Steam,B-1
Bp927,386 Brown Steam,B-2
Bp928,386 Brown Steam,B-2 CSR
Bp929,386 Brown Steam,B-3
Bp930,386 Brown Steam,CSR
Bp931,386 Brown Steam,PADDY
Bp932,386 Brown Steam,CHOBA
Bp933,386 Brown Steam,RICE POLISH
Bp934,386 Brown Steam,DUST
Bp935,386 Brown Steam,EMPTY BAGS WEIGHT
Bp936,386 Brown Steam,EXCESS EXPORT
Bp937,386 Brown Steam,WEIGHT LOSS
Bp938,385 Brown,FINISHED GOODS
Bp939,385 Brown,B-Q
Bp940,385 Brown,B-1
Bp941,385 Brown,B-2
Bp942,385 Brown,B-2 CSR
Bp943,385 Brown,B-3
Bp944,385 Brown,CSR
Bp945,385 Brown,PADDY
Bp946,385 Brown,CHOBA
Bp947,385 Brown,RICE POLISH
Bp948,385 Brown,DUST
Bp949,385 Brown,EMPTY BAGS WEIGHT
Bp950,385 Brown,EXCESS EXPORT
Bp951,385 Brown,WEIGHT LOSS
Bp952,385 Sela,FINISHED GOODS
Bp953,385 Sela,B-Q
Bp954,385 Sela,B-1
Bp955,385 Sela,B-2
Bp956,385 Sela,B-2 CSR
Bp957,385 Sela,B-3
Bp958,385 Sela,CSR
Bp959,385 Sela,PADDY
Bp960,385 Sela,CHOBA
Bp961,385 Sela,RICE POLISH
Bp962,385 Sela,DUST
Bp963,385 Sela,EMPTY BAGS WEIGHT
Bp964,385 Sela,EXCESS EXPORT
Bp965,385 Sela,WEIGHT LOSS
Bp966,385 Brown Steam,FINISHED GOODS
Bp967,385 Brown Steam,B-Q
Bp968,385 Brown Steam,B-1
Bp969,385 Brown Steam,B-2
Bp970,385 Brown Steam,B-2 CSR
Bp971,385 Brown Steam,B-3
Bp972,385 Brown Steam,CSR
Bp973,385 Brown Steam,PADDY
Bp974,385 Brown Steam,CHOBA
Bp975,385 Brown Steam,RICE POLISH
Bp976,385 Brown Steam,DUST
Bp977,385 Brown Steam,EMPTY BAGS WEIGHT
Bp978,385 Brown Steam,EXCESS EXPORT
Bp979,385 Brown Steam,WEIGHT LOSS
Bp980,Irri-9 Brown,FINISHED GOODS
Bp981,Irri-9 Brown,B-Q
Bp982,Irri-9 Brown,B-1
Bp983,Irri-9 Brown,B-2
Bp984,Irri-9 Brown,B-2 CSR
Bp985,Irri-9 Brown,B-3
Bp986,Irri-9 Brown,CSR
Bp987,Irri-9 Brown,PADDY
Bp988,Irri-9 Brown,CHOBA
Bp989,Irri-9 Brown,RICE POLISH
Bp990,Irri-9 Brown,DUST
Bp991,Irri-9 Brown,EMPTY BAGS WEIGHT
Bp992,Irri-9 Brown,EXCESS EXPORT
Bp993,Irri-9 Brown,WEIGHT LOSS
Bp994,Irri-9 Brown Sela,FINISHED GOODS
Bp995,Irri-9 Brown Sela,B-Q
Bp996,Irri-9 Brown Sela,B-1
Bp997,Irri-9 Brown Sela,B-2
Bp998,Irri-9 Brown Sela,B-2 CSR
Bp999,Irri-9 Brown Sela,B-3
Bp1000,Irri-9 Brown Sela,CSR
Bp1001,Irri-9 Brown Sela,PADDY
Bp1002,Irri-9 Brown Sela,CHOBA
Bp1003,Irri-9 Brown Sela,RICE POLISH
Bp1004,Irri-9 Brown Sela,DUST
Bp1005,Irri-9 Brown Sela,EMPTY BAGS WEIGHT
Bp1006,Irri-9 Brown Sela,EXCESS EXPORT
Bp1007,Irri-9 Brown Sela,WEIGHT LOSS
Bp1008,Irri-9 Brown Steam,FINISHED GOODS
Bp1009,Irri-9 Brown Steam,B-Q
Bp1010,Irri-9 Brown Steam,B-1
Bp1011,Irri-9 Brown Steam,B-2
Bp1012,Irri-9 Brown Steam,B-2 CSR
Bp1013,Irri-9 Brown Steam,B-3
Bp1014,Irri-9 Brown Steam,CSR
Bp1015,Irri-9 Brown Steam,PADDY
Bp1016,Irri-9 Brown Steam,CHOBA
Bp1017,Irri-9 Brown Steam,RICE POLISH
Bp1018,Irri-9 Brown Steam,DUST
Bp1019,Irri-9 Brown Steam,EMPTY BAGS WEIGHT
Bp1020,Irri-9 Brown Steam,EXCESS EXPORT
Bp1021,Irri-9 Brown Steam,WEIGHT LOSS
Bp1022,Blended White,FINISHED GOODS
Bp1023,Blended White,B-Q
Bp1024,Blended White,B-1
Bp1025,Blended White,B-2
Bp1026,Blended White,B-2 CSR
Bp1027,Blended White,B-3
Bp1028,Blended White,CSR
Bp1029,Blended Sela,FINISHED GOODS
Bp1030,Blended Sela,B-Q
Bp1031,Blended Sela,B-1
Bp1032,Blended Sela,B-2
Bp1033,Blended Sela,B-2 CSR
Bp1034,Blended Sela,B-3
Bp1035,Blended Sela,CSR
Bp1036,Blended Steam,FINISHED GOODS
Bp1037,Blended Steam,B-Q
Bp1038,Blended Steam,B-1
Bp1039,Blended Steam,B-2
Bp1040,Blended Steam,B-2 CSR
Bp1041,Blended Steam,B-3
Bp1042,Blended Steam,CSR
Bp1043,Blended Brown,FINISHED GOODS
Bp1044,Blended Brown,B-Q
Bp1045,Blended Brown,B-1
Bp1046,Blended Brown,B-2
Bp1047,Blended Brown,B-2 CSR
Bp1048,Blended Brown,B-3
Bp1049,Blended Brown,CSR
Bp1050,Blended Brown Sela,FINISHED GOODS
Bp1051,Blended Brown Sela,B-Q
Bp1052,Blended Brown Sela,B-1
Bp1053,Blended Brown Sela,B-2
Bp1054,Blended Brown Sela,B-2 CSR
Bp1055,Blended Brown Sela,B-3
Bp1056,Blended Brown Sela,CSR
Bp1057,Blended Brown Steam,FINISHED GOODS
Bp1058,Blended Brown Steam,B-Q
Bp1059,Blended Brown Steam,B-1
Bp1060,Blended Brown Steam,B-2
Bp1061,Blended Brown Steam,B-2 CSR
Bp1062,Blended Brown Steam,B-3
Bp1063,Blended Brown Steam,CSR