ACNO,ITCD,ITEM,ITEM_CATAGORY,QUALITY,MAIN_CATAGORY,COST_RATE,ITEM_SUB_CAT,CCNO,SALE_ACNO
121,10,B-1,RICE,0,By Product,,IRRI-6,7,318
121,11,B-2 (SILKY),RICE,0,By Product,90,IRRI-6,7,318
121,12,B-2 (RICE FLOUR),RICE,0,By Product,,IRRI-6,7,318
121,13,B-3,RICE,0,By Product,65,IRRI-6,7,318
121,14,C.S.R,RICE,0,By Product,75,IRRI-6,7,318
121,2,RAW (REGULAR),RICE,0,Rawmaterial,,IRRI-6,7,311
121,15,.,RICE,0,By Product,,IRRI-6,7,318
121,16,PADDY,RICE,0,By Product,65,IRRI-6,7,318
121,17,CHOBA,RICE,0,By Product,,IRRI-6,7,318
121,18,BRAN WHITE,RICE,0,By Product,65,IRRI-6,7,318
121,19,HUSK / DUST,RICE,0,By Product,20,IRRI-6,7,318
121,20,STONES,RICE,0,By Product,10,IRRI-6,7,318
121,21,DAMAGE,RICE,0,By Product,,IRRI-6,7,318
122,22,RAW (05-06),RICE,0,Rawmaterial,,IRRI-9,7,311
121,3,RAW (10%) DP,RICE,0,Rawmaterial,,IRRI-6,7,311
121,4,FINISHED GOODS,RICE,0,Finished,,IRRI-6,7,311
122,23,FINISHED GOODS,RICE,0,Finished,,IRRI-9,7,311
121,5,R.F (COARSE GRADE),RICE,0,Finished,,IRRI-6,7,311
121,6,R.F (FINE GRADE),RICE,0,Finished,,IRRI-6,7,311
121,7,R.F (COARSE GRADE2),RICE,0,Finished,,IRRI-6,7,311
121,8,REGULAR BROKEN (B-2),RICE,0,By Product,,IRRI-6,7,318
121,9,B-Q,RICE,0,By Product,,IRRI-6,7,318
122,24,B-Q,RICE,0,By Product,,IRRI-9,7,318
122,25,B-1,RICE,0,By Product,,IRRI-9,7,318
122,26,B-2,RICE,0,By Product,130,IRRI-9,7,318
122,27,B-3,RICE,0,By Product,,IRRI-9,7,318
122,28,C.S.R,RICE,0,By Product,140,IRRI-9,7,318
122,29,PADDY,RICE,0,By Product,,IRRI-9,7,318
122,30,CHOBA,RICE,0,By Product,,IRRI-9,7,318
122,31,OTHERS,RICE,0,By Product,,IRRI-9,7,318
119,32,RAW (05-06),RICE,0,Rawmaterial,,BASMATI-385,11,312
119,33,RAW (06-07),RICE,0,Rawmaterial,,BASMATI-385,11,312
119,34,FINISHED GOODS,RICE,0,Finished,,BASMATI-385,11,312
119,35,B-Q,RICE,0,By Product,,BASMATI-385,11,564
119,36,B-1,RICE,0,By Product,,BASMATI-385,11,564
119,37,B-2,RICE,0,By Product,,BASMATI-385,11,564
119,38,B-3,RICE,0,By Product,,BASMATI-385,11,564
119,39,C.S.R,RICE,0,By Product,,BASMATI-385,11,564
119,40,PADDY,RICE,0,By Product,,BASMATI-385,11,564
119,41,CHOBA,RICE,0,By Product,,BASMATI-385,11,564
119,42,OTHERS,RICE,0,By Product,,BASMATI-385,11,564
118,43,RAW (05-06),RICE,0,Rawmaterial,,SUPER,11,312
118,44,RAW (06-07),RICE,0,Rawmaterial,,SUPER,11,312
118,45,FINISHED GOODS,RICE,0,Finished,,SUPER,11,312
118,46,B-Q,RICE,0,By Product,165,SUPER,11,564
118,47,B-1,RICE,0,By Product,,SUPER,11,564
118,48,B-2,RICE,0,By Product,130,SUPER,11,564
118,49,B-3,RICE,0,By Product,120,SUPER,11,564
118,50,C.S.R,RICE,0,By Product,150,SUPER,11,564
118,51,PADDY,RICE,0,By Product,,SUPER,11,564
118,52,CHOBA,RICE,0,By Product,,SUPER,11,564
123,64,RAW (06-07),RICE,0,Rawmaterial,,D-98,11,312
118,53,SWEEPING,RICE,0,By Product,,SUPER,11,564
124,54,RAW (06-07),RICE,0,Rawmaterial,,SUPER SELA,11,312
124,55,FINISHED GOODS,RICE,0,Finished,,SUPER SELA,11,312
124,56,B-Q,RICE,0,By Product,,SUPER SELA,11,564
124,57,B-1,RICE,0,By Product,,SUPER SELA,11,564
124,58,B-2,RICE,0,By Product,,SUPER SELA,11,564
124,59,B-3,RICE,0,By Product,,SUPER SELA,11,564
124,60,C.S.R,RICE,0,By Product,,SUPER SELA,11,564
124,61,PADDY,RICE,0,By Product,,SUPER SELA,11,564
124,62,CHOBA,RICE,0,By Product,,SUPER SELA,11,564
124,63,SWEEPING,RICE,0,By Product,,SUPER SELA,11,564
123,65,FINISHED GOODS,RICE,0,Finished,,D-98,11,312
123,66,B-Q,RICE,0,By Product,140,D-98,11,564
123,67,B-1,RICE,0,By Product,,D-98,11,564
123,68,B-2,RICE,0,By Product,125,D-98,11,564
123,69,B-3,RICE,0,By Product,,D-98,11,564
123,70,C.S.R,RICE,0,By Product,140,D-98,11,564
123,71,PADDY,RICE,0,By Product,,D-98,11,564
123,72,CHOBA,RICE,0,By Product,,D-98,11,564
123,73,OTHERS,RICE,0,By Product,,D-98,11,564
4203,74,RAW (06-07),RICE,0,Rawmaterial,,IRRI-6 BROWN,7,311
4203,75,FINISHED GOODS,RICE,0,Finished,,IRRI-6 BROWN,7,311
4203,76,B-Q,RICE,0,By Product,,IRRI-6 BROWN,7,318
4203,77,B-1,RICE,0,By Product,,IRRI-6 BROWN,7,318
4203,78,B-2,RICE,0,By Product,,IRRI-6 BROWN,7,318
4203,79,B-3,RICE,0,By Product,,IRRI-6 BROWN,7,318
4203,80,C.S.R,RICE,0,By Product,,IRRI-6 BROWN,7,318
4203,81,PADDY,RICE,0,By Product,,IRRI-6 BROWN,7,318
4203,82,CHOBA,RICE,0,By Product,,IRRI-6 BROWN,7,318
4203,83,OTHERS,RICE,0,By Product,,IRRI-6 BROWN,7,318
4204,84,RAW (06-07),RICE,0,Rawmaterial,,IRRI-9 (BROWN),7,311
4204,85,FINISHED GOODS,RICE,0,Finished,,IRRI-9 (BROWN),7,311
4204,86,B-Q,RICE,0,By Product,,IRRI-9 (BROWN),7,318
4204,87,B-1,RICE,0,By Product,,IRRI-9 (BROWN),7,318
4204,88,B-2,RICE,0,By Product,,IRRI-9 (BROWN),7,318
4204,89,B-3,RICE,0,By Product,,IRRI-9 (BROWN),7,318
4204,90,C.S.R,RICE,0,By Product,,IRRI-9 (BROWN),7,318
4204,91,PADDY,RICE,0,By Product,,IRRI-9 (BROWN),7,318
4204,92,CHOBA,RICE,0,By Product,,IRRI-9 (BROWN),7,318
4204,93,OTHERS,RICE,0,By Product,,IRRI-9 (BROWN),7,318
121,94,LOSSES,RICE,0,By Product,,IRRI-6,7,318
121,95,RAW (PRD),RICE,0,By Product,,IRRI-6,7,318
121,96,SWEEPING,RICE,0,By Product,,IRRI-6,7,318
119,97,LOSSES,RICE,,By Product,,BASMATI-385,11,564
118,98,LOSSES,RICE,,By Product,,SUPER,11,564
118,99,RAW (06-07),RICE,,Finished,,SUPER,11,312
541,100,FINISHED GOODS,RICE,,Finished,,BLENDED RICE,11,312
541,101,B-Q,RICE,,By Product,,BLENDED RICE,11,564
541,102,B-1,RICE,,By Product,,BLENDED RICE,11,564
541,103,B-2,RICE,,By Product,130,BLENDED RICE,11,564
541,104,B-3,RICE,,By Product,,BLENDED RICE,11,564
541,105,C.S.R,RICE,,By Product,140,BLENDED RICE,11,564
541,106,PADDY,RICE,,By Product,,BLENDED RICE,11,564
541,107,CHOBA,RICE,,By Product,,BLENDED RICE,11,564
541,108,SWEEPING,RICE,,By Product,,BLENDED RICE,11,564
541,109,LOSSES,RICE,,By Product,,BLENDED RICE,11,564
145,110,.,RICE,,Empty Bags,,PP BAGS 1,10,321
145,111,.,RICE,,Empty Bags,,JUTE BAGS 1,10,321
145,112,.,WHEAT,,Empty Bags,,JUTE BAGS,10,321
145,113,.,WHEAT,,Empty Bags,,.,10,321
130,114,.,WHEAT,,Finished,,.,8,319
121,115,TRF WT. DIFF,RICE,,By Product,,IRRI-6,7,318
122,116,LOSSES,RICE,,By Product,,IRRI-9,7,318
124,117,RAW (PRD),RICE,,By Product,,SUPER SELA,11,564
123,118,LOSSES,RICE,,By Product,,D-98,11,564
124,119,LOSSES,RICE,,By Product,,SUPER SELA,11,564
120,120,RAW (07-08),RICE,,Rawmaterial,,BASMATI-386,11,4191
127,121,RAW (07-08),RICE,,Rawmaterial,,386 SELA,11,4191
119,122,RAW (07-08),RICE,,Rawmaterial,,BASMATI-385,11,312
118,123,RAW (07-08),RICE,,Rawmaterial,,SUPER,11,312
124,124,RAW (07-08),RICE,,Rawmaterial,,SUPER SELA,11,312
120,125,FINISHED GOODS,RICE,,Finished,,BASMATI-386,11,4191
120,126,B-Q,RICE,,By Product,,BASMATI-386,11,565
121,135,RAW (5%),RICE,,Rawmaterial,,IRRI-6,7,311
120,128,B-2,RICE,,By Product,,BASMATI-386,11,565
120,129,B-3,RICE,,By Product,,BASMATI-386,11,565
120,130,C.S.R,RICE,,By Product,,BASMATI-386,11,565
120,131,PADDY,RICE,,By Product,,BASMATI-386,11,565
120,132,CHOBA,RICE,,By Product,,BASMATI-386,11,565
120,133,OTHERS,RICE,,By Product,,BASMATI-386,11,565
120,134,B-1,RICE,,By Product,,BASMATI-386,11,565
4303,136,RAW (07-08),RICE,,Rawmaterial,,SUPER BROWN,11,312
4303,137,FINISHED GOODS,RICE,,Finished,,SUPER BROWN,11,312
4303,138,B-Q,RICE,,By Product,,SUPER BROWN,11,564
4303,139,B-1,RICE,,By Product,,SUPER BROWN,11,564
4303,140,B-2,RICE,,By Product,120,SUPER BROWN,11,564
4303,141,B-3,RICE,,By Product,,SUPER BROWN,11,564
4303,142,C.S.R,RICE,,By Product,130,SUPER BROWN,11,564
4303,143,PADDY,RICE,,By Product,,SUPER BROWN,11,564
4303,144,SWEEPING,RICE,,By Product,,SUPER BROWN,11,564
4303,145,LOSSES,RICE,,By Product,,SUPER BROWN,11,564
121,146,RAW (20%) DP,RICE,,Rawmaterial,,IRRI-6,7,311
124,147,RAW (05-06),RICE,,Rawmaterial,,SUPER SELA,11,312
121,148,SELA (RAW),RICE,,Rawmaterial,,IRRI-6,7,311
122,149,RAW (07-08),RICE,,Rawmaterial,,IRRI-9,7,311
123,150,RAW (07-08),RICE,,Rawmaterial,,D-98,11,312
121,151,RAW (PROCESS),RICE,,Finished,,IRRI-6,7,311
127,152,FINISHED GOODS,RICE,,Finished,,386 SELA,11,4191
127,153,B-Q,RICE,,By Product,,386 SELA,11,565
127,154,B-2,RICE,,By Product,130,386 SELA,11,565
127,155,B-3,RICE,,By Product,,386 SELA,11,565
127,156,C.S.R,RICE,,By Product,140,386 SELA,11,565
127,157,PADDY,RICE,,By Product,,386 SELA,11,565
127,158,CHOBA,RICE,,By Product,,386 SELA,11,565
127,159,OTHERS,RICE,,By Product,,386 SELA,11,565
127,160,B-1,RICE,,By Product,,386 SELA,11,565
118,161,RAW (PROCESS),RICE,,Finished,,SUPER,11,312
119,162,RAW (PROCESS),RICE,,Finished,,BASMATI-385,11,312
121,163,FINISHED GOODS,RICE,,Finished,,IXYZ,7,311
121,164,B-2,RICE,,By Product,,XYZ,7,318
4298,165,RAW (07-08),RICE,,Rawmaterial,,SUPER FINE,11,312
120,166,RAW (08-09),RICE,,Rawmaterial,,BASMATI-386,11,4191
119,167,RAW (08-09),RICE,,Rawmaterial,,BASMATI-385,11,312
126,168,RAW (08-09),RICE,,Rawmaterial,,IRRI-6 SELA,7,311
4298,169,RAW (08-09),RICE,,Rawmaterial,,SUPER FINE,11,312
118,170,RAW (08-09),RICE,,Rawmaterial,,SUPER,11,312
122,171,RAW (08-09),RICE,,Rawmaterial,,IRRI-9,7,311
118,172,XYZ,RICE,,Rawmaterial,,BY PRODUCTS,11,312
120,173,LOSSES,RICE,,By Product,,BASMATI-386,11,565
126,174,FINISHED GOODS,RICE,,Finished,,IRRI-6 SELA,7,311
126,175,B-Q,RICE,,By Product,,IRRI-6 SELA,7,318
126,176,B-1,RICE,,By Product,,IRRI-6 SELA,7,318
126,177,B-2,RICE,,By Product,,IRRI-6 SELA,7,318
126,178,B-3,RICE,,By Product,,IRRI-6 SELA,7,318
126,179,C.S.R,RICE,,By Product,,IRRI-6 SELA,7,318
126,180,PADDY,RICE,,By Product,,IRRI-6 SELA,7,318
126,181,CHOBA,RICE,,By Product,,IRRI-6 SELA,7,318
126,182,OTHERS,RICE,,By Product,,IRRI-6 SELA,7,318
126,183,LOSSES,RICE,,By Product,,IRRI-6 SELA,7,318
128,184,RAW (08-09),RICE,,Rawmaterial,,IRRI-9 SELA,7,311
128,185,FINISHED GOODS,RICE,,Finished,,IRRI-9 SELA,7,311
128,186,B-Q,RICE,,By Product,,IRRI-9 SELA,7,318
128,187,B-1,RICE,,By Product,,IRRI-9 SELA,7,318
128,188,B-2,RICE,,By Product,,IRRI-9 SELA,7,318
128,189,B-3,RICE,,By Product,,IRRI-9 SELA,7,318
128,190,C.S.R,RICE,,By Product,,IRRI-9 SELA,7,318
128,191,PADDY,RICE,,By Product,,IRRI-9 SELA,7,318
128,192,CHOBA,RICE,,By Product,,IRRI-9 SELA,7,318
128,193,OTHERS,RICE,,By Product,,IRRI-9 SELA,7,318
128,194,LOSSES,RICE,,By Product,,IRRI-9 SELA,7,318
127,195,RAW (08-09),RICE,,Rawmaterial,,386 SELA,11,4191
124,196,RAW (08-09),RICE,,Rawmaterial,,SUPER SELA,11,312
121,197,RAW (25%),RICE,,Rawmaterial,,IRRI-6,7,311
122,198,PG,RICE,,Rawmaterial,,IRRI-9,7,311
4209,199,RAW (08-09),RICE,,Rawmaterial,,386 BROWN,11,4191
123,200,RAW (08-09),RICE,,Rawmaterial,,D-98,11,312
4209,201,FINISHED GOODS,RICE,,Finished,,386 BROWN,11,4191
4209,202,B-Q,RICE,,By Product,,386 BROWN,11,565
4209,203,B-1,RICE,,By Product,,386 BROWN,11,565
4209,204,B-2,RICE,,By Product,,386 BROWN,11,565
4209,205,B-3,RICE,,By Product,,386 BROWN,11,565
4209,206,C.S.R,RICE,,By Product,,386 BROWN,11,565
4209,207,PADDY,RICE,,By Product,,386 BROWN,11,565
4209,208,CHOBA,RICE,,By Product,,386 BROWN,11,565
4209,209,OTHER,RICE,,By Product,,386 BROWN,11,565
4209,210,LOSSES,RICE,,By Product,,386 BROWN,11,565
4209,211,SWEEPING,RICE,,By Product,,386 BROWN,11,565
127,212,LOSSES,RICE,,By Product,,386 SELA,11,565
126,213,RAW (09-10),RICE,,Rawmaterial,,IRRI-6 SELA,7,311
118,214,RAIN DAMAGE,RICE,,By Product,,SUPER,11,564
4298,215,RAW (09-10),RICE,,Rawmaterial,,SUPER FINE,11,312
120,216,RAW (09-10),RICE,,Rawmaterial,,BASMATI-386,11,4191
4303,217,RAW (08-09),RICE,,Rawmaterial,,SUPER BROWN,11,312
118,218,RAW (09-10),RICE,,Rawmaterial,,SUPER,11,312
124,219,RAW (09-10),RICE,,Rawmaterial,,SUPER SELA,11,312
126,220,RAW 5% SILKY,RICE,,Rawmaterial,,IRRI-6 SELA,7,311
119,221,RAW (09-10),RICE,,Rawmaterial,,BASMATI-385,11,312
122,222,RAW (09-10),RICE,,Rawmaterial,,IRRI-9,7,311
123,223,RAW (09-10),RICE,,Rawmaterial,,D-98,11,312
126,224,RAW DAMAGE,RICE,,Rawmaterial,,IRRI-6 SELA,7,311
127,225,RAW (09-10),RICE,,Rawmaterial,,386 SELA,11,4191
4303,226,RAW (09-10),RICE,,Rawmaterial,,SUPER BROWN,11,312
128,227,RAW (09-10),RICE,,Rawmaterial,,IRRI-9 SELA,7,311
124,228,RAW (10-11),RICE,,Rawmaterial,,SUPER SELA,11,312
4299,229,RAW (10-11),RICE,,Rawmaterial,,SUPER FINE SELA,11,312
4205,230,RAW (10-11),RICE,,Rawmaterial,,KS-282,7,311
4206,231,RAW (10-11),RICE,,Rawmaterial,,KS-282 SELA,7,311
126,232,RAW (10-11),RICE,,Rawmaterial,,IRRI-6 SELA,7,311
121,233,RAW (15%) PG,RICE,,Rawmaterial,,IRRI-6,7,311
120,234,RAW (10-11),RICE,,Rawmaterial,,BASMATI-386,11,4191
4303,237,RAW (10-11),RICE,,Rawmaterial,,SUPER BROWN,11,312
4301,235,RAW (10-11),RICE,,Rawmaterial,,1121 WHITE,11,312
118,236,RAW (10-11),RICE,,Rawmaterial,,SUPER,11,312
4302,238,RAW (10-11),RICE,,Rawmaterial,,1121 SELA,11,312
119,239,RAW (10-11),RICE,,Rawmaterial,,BASMATI-385,11,312
123,240,RAW (10-11),RICE,,Rawmaterial,,D-98,11,312
122,241,RAW (10-11),RICE,,Rawmaterial,,IRRI-9,7,311
126,242,RAW (11-12),RICE,,Rawmaterial,,IRRI-6 SELA,7,311
4298,243,RAW (10-11),RICE,,Rawmaterial,,SUPER FINE,11,312
120,244,RAW (11-12),RICE,,Rawmaterial,,BASMATI-386,11,4191
4203,245,RAW (11-12),RICE,,Rawmaterial,,IRRI-6 BROWN,7,311
127,246,RAW (11-12),RICE,,Rawmaterial,,386 SELA,11,4191
124,247,RAW (11-12),RICE,,Rawmaterial,,SUPER SELA,11,312
4207,248,RAW (11-12),RICE,,Rawmaterial,,C-9,7,311
118,249,RAW (11-12),RICE,,Rawmaterial,,SUPER,11,312
4303,250,RAW (11-12),RICE,,Rawmaterial,,SUPER BROWN,11,312
122,251,RAW (11-12),RICE,,Rawmaterial,,IRRI-9,7,311
123,252,RAW (11-12),RICE,,Rawmaterial,,D-98,11,312
4302,253,RAW (11-12),RICE,,Rawmaterial,,1121 SELA,11,312
119,254,RAW (11-12),RICE,,Rawmaterial,,BASMATI-385,11,312
121,255,100% BROKEN SORTEX,RICE,,Rawmaterial,,IRRI-6,7,311
122,256,RAW (12-13),RICE,,Rawmaterial,,IRRI-9,7,311
120,257,RAW (12-13),RICE,,Rawmaterial,,BASMATI-386,11,4191
126,258,RAW (12-13),RICE,,Rawmaterial,,IRRI-6 SELA,7,311
4302,259,RAW (12-13),RICE,,Rawmaterial,,1121 SELA,11,312
120,260,5% SILKY SORTEX,RICE,,Rawmaterial,,BASMATI-386,11,4191
118,261,RAW (12-13),RICE,,Rawmaterial,,SUPER,11,312
123,262,RAW (12-13),RICE,,Rawmaterial,,D-98,11,312
145,263,.,RICE,,Empty Bags,,JUTE BAGS 2,10,321
145,264,.,RICE,,Empty Bags,,PP BAGS 2,10,321
145,265,.,RICE,,Empty Bags,,PP BAGS 3,10,321
145,266,.,RICE,,Empty Bags,,PP BAGS 4,10,321
145,267,.,RICE,,Empty Bags,,PP BAGS 5,10,321
124,268,RAW (12-13),RICE,,Rawmaterial,,SUPER SELA,11,312
4203,269,RAW (12-13),RICE,,Rawmaterial,,IRRI-6 BROWN,7,311
4301,270,RAW (12-13),RICE,,Rawmaterial,,1121 WHITE,11,312
4303,271,RAW (12-13),RICE,,Rawmaterial,,SUPER BROWN,11,312
4299,272,RAW (13-14),RICE,,Rawmaterial,,SUPER FINE SELA,11,312
4298,273,RAW (13-14),RICE,,Rawmaterial,,SUPER FINE,11,312
4306,274,PROCESSED (12-13),RICE,,Rawmaterial,,SUPER SINDH,11,312
126,275,RAW (13-14),RICE,,Rawmaterial,,IRRI-6 SELA,7,311
122,276,RAW (13-14),RICE,,Rawmaterial,,IRRI-9,7,311
120,277,RAW (13-14),RICE,,Rawmaterial,,BASMATI-386,11,4191
127,278,RAW (13-14),RICE,,Rawmaterial,,386 SELA,11,4191
4203,279,RAW (13-14),RICE,,Rawmaterial,,IRRI-6 BROWN,7,311
4320,280,RAW (13-14),RICE,,Rawmaterial,,1121 SELA STEAM,11,312
118,281,RAW (13-14),RICE,,Rawmaterial,,SUPER,11,312
123,282,RAW (13-14),RICE,,Rawmaterial,,D-98,11,312
121,283,BRAN WHITE,RICE,,Rawmaterial,,IRRI-6,7,311
4313,284,RAW (13-14),RICE,,Rawmaterial,,1121 STEAM,11,312
4314,285,RAW (13-14),RICE,,Rawmaterial,,SUPER STEAM,11,312
4302,286,RAW (13-14),RICE,,Rawmaterial,,1121 SELA,11,312
124,287,RAW (13-14),RICE,,Rawmaterial,,SUPER SELA,11,312
4303,288,RAW (13-14),RICE,,Rawmaterial,,SUPER BROWN,11,312
4301,289,RAW (13-14),RICE,,Rawmaterial,,1121 WHITE,11,312
4298,290,RAW (14-15),RICE,,Rawmaterial,,SUPER FINE,11,312
4300,291,RAW (14-15),RICE,,Rawmaterial,,SUPER FINE STEAM,11,312
126,292,RAW (14-15),RICE,,Rawmaterial,,IRRI-6 SELA,7,311
4203,293,RAW (14-15),RICE,,Rawmaterial,,IRRI-6 BROWN,7,311
4299,294,RAW (14-15),RICE,,Rawmaterial,,SUPER FINE SELA,11,312
122,295,RAW (14-15),RICE,,Rawmaterial,,IRRI-9,7,311
4311,296,RAW (14-15),RICE,,Rawmaterial,,SUPER (50-15),11,312
120,297,RAW (14-15),RICE,,Rawmaterial,,BASMATI-386,11,4191
4312,298,RAW (14-15),RICE,,Rawmaterial,,SUPER (50-15) STEAM,11,312
4313,299,RAW (14-15),RICE,,Rawmaterial,,1121 STEAM,11,312
118,300,RAW (14-15),RICE,,Rawmaterial,,SUPER,11,312
4314,301,RAW (14-15),RICE,,Rawmaterial,,SUPER STEAM,11,312
121,302,PIOLET OF BRAN,RICE,,By Product,,IRRI-6,7,318
123,303,RAW (14-15),RICE,,Rawmaterial,,D-98,11,312
4207,304,RAW (14-15),RICE,,Rawmaterial,,C-9,7,311
4303,305,RAW (14-15),RICE,,Rawmaterial,,SUPER BROWN,11,312
4302,306,RAW (14-15),RICE,,Rawmaterial,,1121 SELA,11,312
4315,307,RAW (14-15),RICE,,Rawmaterial,,1121 BROWN,11,312
4300,308,RAW (15-16),RICE,,Rawmaterial,,SUPER FINE STEAM,11,312
4298,309,RAW (15-16),RICE,,Rawmaterial,,SUPER FINE,11,312
127,310,RAW (14-15),RICE,,Rawmaterial,,386 SELA,11,4191
126,311,RAW (15-16),RICE,,Rawmaterial,,IRRI-6 SELA,7,311
120,312,RAW (15-16),RICE,,Rawmaterial,,BASMATI-386,11,4191
4210,313,RAW (15-16),RICE,,Rawmaterial,,LAL 386,11,4191
127,314,RAW (15-16),RICE,,Rawmaterial,,386 SELA,11,4191
4302,315,RAW (15-16),RICE,,Rawmaterial,,1121 SELA,11,312
4313,316,RAW (15-16),RICE,,Rawmaterial,,1121 STEAM,11,312
118,317,RAW (15-16),RICE,,Rawmaterial,,SUPER,11,312
4314,318,RAW (15-16),RICE,,Rawmaterial,,SUPER STEAM,11,312
4207,319,RAW (15-16),RICE,,Rawmaterial,,C-9,7,311
123,320,RAW (15-16),RICE,,Rawmaterial,,D-98,11,312
4303,321,RAW (15-16),RICE,,Rawmaterial,,SUPER BROWN,11,312
120,322,RAW (16-17),RICE,,Rawmaterial,,BASMATI-386,11,4191
126,323,RAW (16-17),RICE,,Rawmaterial,,IRRI-6 SELA,7,311
118,324,RAW (16-17),RICE,,Rawmaterial,,SUPER,11,312
4203,325,RAW (16-17),RICE,,Rawmaterial,,IRRI-6 BROWN,7,311
4210,326,RAW (16-17),RICE,,Rawmaterial,,LAL 386,11,4191
4313,327,RAW (16-17),RICE,,Rawmaterial,,1121 STEAM,11,312
4302,328,RAW (16-17),RICE,,Rawmaterial,,1121 SELA,11,312
4207,329,RAW (16-17),RICE,,Rawmaterial,,C-9,7,311
4314,330,RAW (16-17),RICE,,Rawmaterial,,SUPER STEAM,11,312
4303,331,RAW (16-17),RICE,,Rawmaterial,,SUPER BROWN,11,312
127,332,RAW (16-17),RICE,,Rawmaterial,,386 SELA,11,4191
123,333,RAW (16-17),RICE,,Rawmaterial,,D-98,11,312
4304,334,RAW (16-17),RICE,,Rawmaterial,,SUPER BROWN SELA,11,312
4318,335,RAW (16-17),RICE,,Rawmaterial,,SUPER BROWN SELA STEAM,11,312
124,336,RAW (16-17),RICE,,Rawmaterial,,SUPER SELA,11,312
4203,337,RAW (17-18),RICE,,Rawmaterial,,IRRI-6 BROWN,7,311
4300,338,RAW (17-18),RICE,,Rawmaterial,,SUPER FINE STEAM,11,312
126,339,RAW (17-18),RICE,,Rawmaterial,,IRRI-6 SELA,7,311
120,340,RAW (17-18),RICE,,Rawmaterial,,BASMATI-386,11,4191
4210,341,RAW (17-18),RICE,,Rawmaterial,,LAL 386,11,4191
127,342,RAW (17-18),RICE,,Rawmaterial,,386 SELA,11,4191
4302,343,RAW (17-18),RICE,,Rawmaterial,,1121 SELA,11,312
4207,344,RAW (17-18),RICE,,Rawmaterial,,C-9,7,311
118,345,RAW (17-18),RICE,,Rawmaterial,,SUPER,11,312
4303,346,RAW (17-18),RICE,,Rawmaterial,,SUPER BROWN,11,312
4313,347,RAW (17-18),RICE,,Rawmaterial,,1121 STEAM,11,312
4310,348,RAW (17-18),RICE,,Rawmaterial,,1509 SELA,11,312
4314,349,RAW (17-18),RICE,,Rawmaterial,,SUPER STEAM,11,312
123,350,RAW (17-18),RICE,,Rawmaterial,,D-98,11,312
4300,351,RAW (18-19),RICE,,Rawmaterial,,SUPER FINE STEAM,11,312
4298,352,RAW (18-19),RICE,,Rawmaterial,,SUPER FINE,11,312
120,353,RAW (18-19),RICE,,Rawmaterial,,BASMATI-386,11,4191
4299,354,RAW (18-19),RICE,,Rawmaterial,,SUPER FINE SELA,11,312
4203,355,RAW (18-19),RICE,,Rawmaterial,,IRRI-6 BROWN,7,311
4210,356,RAW (18-19),RICE,,Rawmaterial,,LAL 386,11,4191
4308,357,RAW (18-19),RICE,,Rawmaterial,,1509 STEAM,11,312
126,358,RAW (18-19),RICE,,Rawmaterial,,IRRI-6 SELA,7,311
3196,426,HYBIRD,HYBIRD SEED,,Rawmaterial,,HYBIRD,130,325
4310,359,RAW (18-19),RICE,,Rawmaterial,,1509 SELA,11,312
4313,360,RAW (18-19),RICE,,Rawmaterial,,1121 STEAM,11,312
118,361,RAW (18-19),RICE,,Rawmaterial,,SUPER,11,312
4301,362,RAW (18-19),RICE,,Rawmaterial,,1121 WHITE,11,312
4207,363,RAW (18-19),RICE,,Rawmaterial,,C-9,7,311
4302,364,RAW (18-19),RICE,,Rawmaterial,,1121 SELA,11,312
123,365,RAW (18-19),RICE,,Rawmaterial,,D-98,11,312
4303,366,RAW (18-19),RICE,,Rawmaterial,,SUPER BROWN,11,312
70,367,Steel / Steel bars,CAPITAL W.I.P,,MATERIAL,,,,
142,368,Cotton Bags/Pouch,Packing Materials,,MATERIAL,,,,
142,369,Jumbo Bags,Packing Materials,,MATERIAL,,,,
142,370,P.P. Woven Bags,Packing Materials,,MATERIAL,,,,
142,371,Rice Carton,Packing Materials,,MATERIAL,,,,
142,372,Jute Bags,Packing Materials,,MATERIAL,,,,
142,373,Craft Paper,Packing Materials,,MATERIAL,,,,
142,374,Laminated Bags 25 Kg,Packing Materials,,MATERIAL,,,,
142,375,Poly Bags (PE Printed),Packing Materials,,MATERIAL,,,,
142,376,Silica Gel,Packing Materials,,MATERIAL,,,,
149,377,Aluminum/MS Sheet,MILLS SUPPLIES AND SPEAR PARTS,,MATERIAL,,,,
149,378,Bearings,MILLS SUPPLIES AND SPEAR PARTS,,MATERIAL,,,,
149,379,Cables,MILLS SUPPLIES AND SPEAR PARTS,,MATERIAL,,,,
149,380,Diesel - HSD,MILLS SUPPLIES AND SPEAR PARTS,,MATERIAL,,,,
149,381,Filters,MILLS SUPPLIES AND SPEAR PARTS,,MATERIAL,,,,
149,382,Grease,MILLS SUPPLIES AND SPEAR PARTS,,MATERIAL,,,,
149,383,Grinding Wheel,MILLS SUPPLIES AND SPEAR PARTS,,MATERIAL,,,,
149,384,Lubricating Oil,MILLS SUPPLIES AND SPEAR PARTS,,MATERIAL,,,,
149,385,Machine and Parts,MILLS SUPPLIES AND SPEAR PARTS,,MATERIAL,,,,
149,386,Moisture Meter,MILLS SUPPLIES AND SPEAR PARTS,,MATERIAL,,,,
149,387,Plate Heat Exchanger,MILLS SUPPLIES AND SPEAR PARTS,,MATERIAL,,,,
149,388,Radiant,MILLS SUPPLIES AND SPEAR PARTS,,MATERIAL,,,,
149,389,Ridascreen,MILLS SUPPLIES AND SPEAR PARTS,,MATERIAL,,,,
149,390,Rubber Roller Rice,MILLS SUPPLIES AND SPEAR PARTS,,MATERIAL,,,,
142,391,Tesa Print Tape,Packing Materials,,MATERIAL,,,,
149,392,Tools Misc,MILLS SUPPLIES AND SPEAR PARTS,,MATERIAL,,,,
132,393,Melamine Formahyde,GLUE AC GHARO,,MATERIAL,,,,
132,394,Urea Formaldehyde Glue,GLUE AC GHARO,,MATERIAL,,,,
346,395,Rice Syrup/Protein/Liquid Glucose,INDIRECT MATERIALS - DIRECT COST,,MATERIAL,,,,
201,396,Abrasive Cloth/Sanding Paper,REPAIRS AND OTHER PLANT OPERATING EXPENS GHARO,,MATERIAL,,,,
132,397,Bagasse,BAGGASE A/C GHARO,,MATERIAL,,,,
697,398,Decorative  Paper Sheet,DECORATIVE LAMINATED PAPERS IMPORTED,,MATERIAL,,,,
697,399,Plain  Paper Sheet,DECORATIVE LAMINATED PAPERS IMPORTED,,MATERIAL,,,,
709,400,Chees Tubes Aluminium,PP PLANT MISC ITEMS/PARTS IMPORTS,,MATERIAL,,,,
720,401,Color batch Refamin (PP),INK  COLORS IPA PP PLANT,,MATERIAL,,,,
720,402,Inks (PP),INK  COLORS IPA PP PLANT,,MATERIAL,,,,
720,403,IPA and Chemical,INK  COLORS IPA PP PLANT,,MATERIAL,,,,
721,404,Wax,WAX PURCHASED GHARO,,MATERIAL,,,,
772,405,Calcium Carbonate Filler,PP DANA (RAW MATERIALS/CALCIUM),,MATERIAL,,,,
774,406,PMC (PP),PMC CONTRACT / PURCH. STOCK AC,,MATERIAL,,,,
3173,407,Audit Fees,Audit Fees,,SERVICES,,,,
722,408,PP Block Charges,PP OPERATING EXPENSES,,SERVICES,,,,
3161,409,C and F Service Charges (Import),CLEARING BILL SERVICES - IMPORTS,,SERVICES,,,,
371,410,Maintenance Contract/Charges Factory,REPAIRS AND MAINTENANCE PLANT AND MACHINRY,,SERVICES,,,,
399,411,Consultancy Charges,CONSULTANCEY CHARGES,,SERVICES,,,,
393,412,Courier Services,POSTAGE/COURRIER CHARGES,,SERVICES,,,,
3163,413,Transportation Import,CLEARING BILL TRANSPORTATION -IMPORTS,,SERVICES,,,,
355,414,Freight/cartage,TRANSPORTATION/CARTAGE,,SERVICES,,,,
402,415,Misc Charges,MISCELLENEOUS AND OTHER OFFICE EXPENSES-,,SERVICES,,,,
352,416,Stevedoring Services charges,STEVEDORING CHARGES,,SERVICES,,,,
368,417,Sui Gas,POWER CHARGES (FOH),,UTILITIES,,,,
347,418,Inspection charges,INSPECTION CHRGS,,SERVICES,,,,
368,419,Power Charges (Electricity) Factories,POWER CHARGES (FOH),,UTILITIES,,,,
387,420,Power Charges (Electricity) Office,POWER CHARGES (HEAD OFFICE),,UTILITIES,,,,
388,421,Telephone communication services,TELEPHONE/MOBILE AND COMUNICATOIN  EXPENSES (H.O),,SERVICES,,,,
358,422,Commission,COMMISSION AND BROKERAGE,,SERVICES,,,,
412,423,Advertising,ADVERTISING EXPENSES,,SERVICES,,,,
348,424,Fumigation,FUMIGATIONS,,SERVICES,,,,
722,425,YARN,PP OPERATING EXPENSES,,MATERIAL,,,,
127,427,RAW (18-19),RICE,,Rawmaterial,,386 SELA,11,4191
722,428,YEARN,PP OPERATING EXPENSES,,MATERIAL,,,,
4298,429,RAW (19-20),RICE,,Rawmaterial,,SUPER FINE,11,312
4300,430,RAW (19-20),RICE,,Rawmaterial,,SUPER FINE STEAM,11,312
120,431,RAW (19-20),RICE,,Rawmaterial,,BASMATI-386,11,4191
126,432,RAW (19-20),RICE,,Rawmaterial,,IRRI-6 SELA,7,311
118,433,RAW (19-20),RICE,,Rawmaterial,,SUPER,11,312
4309,434,RAW (19-20),RICE,,Rawmaterial,,1509 STEAM SELA,11,312
4308,435,RAW (19-20),RICE,,Rawmaterial,,1509 STEAM,11,312
4203,436,RAW (19-20),RICE,,Rawmaterial,,IRRI-6 BROWN,7,311
127,437,RAW (19-20),RICE,,Rawmaterial,,386 SELA,11,4191
4313,438,RAW (19-20),RICE,,Rawmaterial,,1121 STEAM,11,312
4302,439,RAW (19-20),RICE,,Rawmaterial,,1121 SELA,11,312
4210,440,RAW (19-20),RICE,,Rawmaterial,,LAL 386,11,4191
123,441,RAW (19-20),RICE,,Rawmaterial,,D-98,11,312
4313,442,PROCESS (19-20),RICE,,Rawmaterial,,1121 STEAM,11,312
121,443,KACHAR,RICE,,By Product,60,IRRI-6,7,318
4313,444,DAGI (C.S.R),RICE,,Rawmaterial,,1121 STEAM,11,312
4207,445,RAW (19-20),RICE,,Rawmaterial,,C-9,7,311
4305,446,RAW (19-20),RICE,,Rawmaterial,,SUPER CHANAB,11,312
4193,447,.,RICE,,Finished,,MUGHAL DARBAR RICE,11,4192
4309,448,PROCESS,RICE,,Finished,,1509 STEAM SELA,11,312
4193,449,.,RICE,,Finished,,MUGHAL NAURATON SELA,11,4192
4310,450,RAW (19-20),RICE,,Rawmaterial,,1509 SELA,11,312
4310,451,C.S.R,RICE,,By Product,,1509 SELA,11,564
4193,452,.,RICE,,Finished,,MUGHAL DAGI STEAM,11,4192
4302,453,PROCESS,RICE,,Rawmaterial,,1121 SELA,11,312
4313,454,SEMI PROCESS,RICE,,Rawmaterial,,1121 STEAM,11,312
4303,455,RAW (19-20),RICE,,Rawmaterial,,SUPER BROWN,11,312
118,456,DAGI,RICE,,By Product,,SUPER,11,564
121,457,C.S.R 25% STANDARD,RICE,,Finished,,IRRI-6,7,311
4193,458,.,RICE,,Finished,,MUGHAL STAR,11,4192
4193,459,.,RICE,,Finished,,MUGHAL ECONOMY,11,4192
4193,460,.,RICE,,Finished,,MUGHAL ROZANA,11,4192
4193,461,.,RICE,,Finished,,MUGHAL DAILY STEAM,11,4192
4193,462,.,RICE,,Finished,,MUGHAL DAAGI SELA,11,4192
4193,463,.,RICE,,Finished,,MUGHAL SKB,11,4192
4193,464,.,RICE,,Finished,,MUGHAL BADSHAH,11,4192
4193,465,.,RICE,,Finished,,MUGHAL AWAMI,11,4192
4193,466,.,RICE,,Finished,,MUGHAL DAAGI,11,4192
4193,467,.,RICE,,Finished,,MUGHAL SUPER SELA,11,4192
4193,468,.,RICE,,Finished,,MUGHAL DAILY RICE,11,4192
4193,469,.,RICE,,Finished,,MUGHAL BLENDED,11,4192
4193,470,.,RICE,,Finished,,MUGHAL PURE,11,4192
4301,471,RAW (19-20),RICE,,Rawmaterial,,1121 WHITE,11,312
121,472,100% BROKEN,RICE,,Finished,90,IRRI-6 B-2 (EXPORT),7,311
4325,473,BRAN WHITE,RICE,,By Product,60,OTHERS,11,564
4300,474,RAW (20-21),RICE,,Rawmaterial,,SUPER FINE STEAM,11,312
121,475,FINISHED GOODS (OLD),RICE,,Finished,,IRRI-6,7,311
121,476,CSR FINAL (H/R),RICE,,Finished,90,IRRI-6,7,311
121,477,B-2 CSR,RICE,,By Product,60,IRRI-6,7,318
121,478,RAW (SINGLE PASS),RICE,,Finished,,IRRI-6,7,311
127,479,SWEEPING,RICE,,By Product,,386 SELA,11,565
4203,480,RAW (20-21),RICE,,Rawmaterial,,IRRI-6 BROWN,7,311
121,481,SEMI FINISHED,RICE,,Finished,,IRRI-6,7,311
120,482,RAW (20-21),RICE,,Rawmaterial,,BASMATI-386,11,4191
4211,483,RAW (20-21),RICE,,Rawmaterial,,LAL 386 STEAM,11,4191
4300,484,PROCESS,RICE,,Rawmaterial,,SUPER FINE STEAM,11,312
4301,485,RAW (20-21),RICE,,Rawmaterial,,1121 WHITE,11,312
4308,486,PROCESS,RICE,,Rawmaterial,,1509 STEAM,11,312
4210,487,RAW (20-21),RICE,,Rawmaterial,,LAL 386,11,4191
120,488,PROCESS,RICE,,Rawmaterial,,BASMATI-386,11,4191
120,489,F.P 100%BROKEN,RICE,,Rawmaterial,,BASMATI-386,11,4191
4313,490,RAW (20-21),RICE,,Rawmaterial,,1121 STEAM,11,312
4303,491,RAW (20-21),RICE,,Rawmaterial,,SUPER BROWN,11,312
4302,492,RAW (20-21),RICE,,Rawmaterial,,1121 SELA,11,312
4310,493,RAW (20-21),RICE,,Rawmaterial,,1509 SELA,11,312
4299,494,RAW (20-21),RICE,,Rawmaterial,,SUPER FINE SELA,11,312
4207,495,RAW (20-21),RICE,,Rawmaterial,,C-9,7,311
4208,496,RAW (20-21),RICE,,Rawmaterial,,C-9 STEAM,7,311
123,497,RAW (20-21),RICE,,Rawmaterial,,D-98,11,312
4306,498,RAW (20-21),RICE,,Rawmaterial,,SUPER SINDH,11,312
127,499,RAW (20-21),RICE,,Rawmaterial,,386 SELA,11,4191
4313,500,PROCESS (20-21),RICE,,Rawmaterial,,1121 STEAM,11,312
120,501,SWEEPING,RICE,,By Product,,BASMATI-386,11,565
121,502,C.S.R (H/R),RICE,,By Product,,IRRI-6,7,318
121,503,B-2 CSR US,RICE,,By Product,,IRRI-6,7,318
4307,504,RAW (20-21),RICE,,Rawmaterial,,SUPER SINDH BROWN,11,312
4305,505,RAW (20-21),RICE,,Rawmaterial,,SUPER CHANAB,11,312
118,506,RAW (20-21),RICE,,Rawmaterial,,SUPER,11,312
121,507,B-2 CSR S,RICE,,By Product,90,IRRI-6,7,318
4193,508,.,RICE,,Finished,,MUGHAL SHAHZADA,11,4192
121,509,C.S.R (H/R) (WFP),RICE,,By Product,,IRRI-6,7,318
4322,510,(20-21),RICE,,Rawmaterial,,BADSHAHI TUKRA,11,312
4323,511,(20-21),RICE,,Rawmaterial,,DAILY TUKRA,11,312
4193,512,.,RICE,,Finished,,MUGHAL BADSHAHI TUKRA,11,4192
4193,513,.,RICE,,Finished,,MUGHAL DAILY TUKRA,11,4192
118,514,BROWN TO WHITE,RICE,,Finished,,SUPER H/R,11,312
4313,515,C.S.R (REJECTION),RICE,,Rawmaterial,,1121 STEAM,11,312
118,516,RAW (20-21),RICE,,Rawmaterial,,SUPER DAMAGE,11,312
4193,517,.,RICE,,Finished,,MUGHAL BACHAT RICE,7,4192
4317,518,RAW (20-21),RICE,,Rawmaterial,,SUPER CHANAB BROWN,11,312
121,519,DM RAW,RICE,,Rawmaterial,,IRRI-6,7,11
4319,520,RAW (20-21),RICE,,Rawmaterial,,SUPER CHANAB BROWN SELA,11,312
121,521,C.C.R,RICE,,By Product,,IRRI-6,7,318
126,522,RAW (20-21),RICE,,Rawmaterial,,IRRI-6 SELA,7,311
4193,523,.,RICE,,Finished,,MUGHAL BAZAR SPECIAL,11,4192
4300,524,RAW (21-22),RICE,,Rawmaterial,,SUPER FINE STEAM,11,312
121,525,RAW (21-22),RICE,,Rawmaterial,,IRRI-6,7,311
2016,526,FAQ (20-21),WHEAT,,Rawmaterial,,RAW,8,793
691,527,FAQ (20-21),CORN,,Rawmaterial,,RAW,18,3699
142,528,Jute Bag - 100 Kg (Used),Packing Materials,,MATERIAL,1,,,
142,529,PP Bag - 100 Kg (Used),Packing Materials,,MATERIAL,0.1,,,
142,530,PP Bag - 50 Kg (Used),Packing Materials,,MATERIAL,0.1,,,
142,531,PP Bag - 25 Kg (Used),Packing Materials,,MATERIAL,0.05,,,
142,532,Bulk,Packing Materials,,MATERIAL,0,,,
4324,533,(20-21),RICE,,Rawmaterial,,DARBAR,11,312
4299,534,RAW (21-22),RICE,,Rawmaterial,,SUPER FINE SELA,11,312
2016,535,FAQ (20-21),WHEAT,,Rawmaterial,,RAW SINDH FOOD WHEAT,8,793
691,536,.,CORN,,Finished,,FINISHED,18,2014
691,537,.,CORN,,By Product,,HUSK / DUST,18,3699
2016,538,.,WHEAT,,Finished,,WHEAT FINISHED,8,971
4324,539,1121 STEAM,RICE,,Finished,,DARBAR,11,312
4212,540,RAW (21-22),RICE,,Rawmaterial,,SUPRI,11,4191
4316,541,RAW (21-22),RICE,,Rawmaterial,,SUPER CHANAB STEAM,11,312
121,542,RAW (20%) PG,RICE,,Rawmaterial,,IRRI-6,7,311
4207,543,RAW (21-22),RICE,,Rawmaterial,,C-9,7,311
4308,544,RAW (21-22),RICE,,Rawmaterial,,1509 STEAM,11,312
4316,545,PROCESS,RICE,,Rawmaterial,,SUPER CHANAB STEAM,11,312
118,546,CANCELLED,RICE,,Rawmaterial,,CANCELLED,11,312
118,547,RAW (21-22),RICE,,Rawmaterial,,SUPER,11,312
2016,548,FAQ (21-22),WHEAT,,Rawmaterial,,RAW SINDH FOOD WHEAT,8,793
142,549,IRON ROD,Packing Materials,,MATERIAL,,,,
4210,550,RAW (21-22),RICE,,Rawmaterial,,LAL 386,11,4191
4313,551,RAW (21-22),RICE,,Rawmaterial,,1121 STEAM,11,312
4323,552,(21-22),RICE,,Rawmaterial,,DAILY TUKRA,11,312
4322,553,(21-22),RICE,,Rawmaterial,,BADSHAHI TUKRA,11,312
4313,554,PROCESS (21-22),RICE,,Rawmaterial,,1121 STEAM,11,312
4302,555,RAW (21-22),RICE,,Rawmaterial,,1121 SELA,11,312
2016,556,PRODUCTION,WHEAT,,Finished,,RAW,19,971
4203,557,RAW (21-22),RICE,,Rawmaterial,,IRRI-6 BROWN,7,311
2016,558,FAQ (21-22),WHEAT,,Rawmaterial,,RAW,8,793
722,559,Color,PP OPERATING EXPENSES,,MATERIAL,,,,
722,560,Ink,PP OPERATING EXPENSES,,MATERIAL,,,,
4303,561,RAW (21-22),RICE,,Rawmaterial,,SUPER BROWN,11,312
4301,562,RAW (21-22),RICE,,Rawmaterial,,1121 WHITE,11,312
205,565,Welding Electrode,MISCELLENEOUS AND OTHER OFFICE EXPENSES-,,MATERIAL,,,,
205,563,Hardware Material,MISCELLENEOUS AND OTHER OFFICE EXPENSES-,,MATERIAL,,,,
205,564,Electric Material,MISCELLENEOUS AND OTHER OFFICE EXPENSES-,,MATERIAL,,,,
205,566,MS Product,MISCELLENEOUS AND OTHER OFFICE EXPENSES-,,MATERIAL,,,,
205,567,MS Bar,MISCELLENEOUS AND OTHER OFFICE EXPENSES-,,MATERIAL,,,,
205,568,MS Steel,MISCELLENEOUS AND OTHER OFFICE EXPENSES-,,MATERIAL,,,,
205,569,Gases LPG,MISCELLENEOUS AND OTHER OFFICE EXPENSES-,,MATERIAL,,,,
205,570,Stationary,MISCELLENEOUS AND OTHER OFFICE EXPENSES-,,MATERIAL,,,,
205,571,General Item,MISCELLENEOUS AND OTHER OFFICE EXPENSES-,,MATERIAL,,,,
205,572,Pipe,MISCELLENEOUS AND OTHER OFFICE EXPENSES-,,MATERIAL,,,,
205,573,Roller Chain,MISCELLENEOUS AND OTHER OFFICE EXPENSES-,,MATERIAL,,,,
205,574,Chain Sprocket,MISCELLENEOUS AND OTHER OFFICE EXPENSES-,,MATERIAL,,,,
205,575,Plastic Product,MISCELLENEOUS AND OTHER OFFICE EXPENSES-,,MATERIAL,,,,
205,576,Methyl,MISCELLENEOUS AND OTHER OFFICE EXPENSES-,,MATERIAL,,,,
205,577,Iron Steel,MISCELLENEOUS AND OTHER OFFICE EXPENSES-,,MATERIAL,,,,
205,578,Tape,MISCELLENEOUS AND OTHER OFFICE EXPENSES-,,MATERIAL,,,,
205,579,FAG Adoptor,MISCELLENEOUS AND OTHER OFFICE EXPENSES-,,MATERIAL,,,,
205,580,FAG Plummer,MISCELLENEOUS AND OTHER OFFICE EXPENSES-,,MATERIAL,,,,
205,581,Raw Board,MISCELLENEOUS AND OTHER OFFICE EXPENSES-,,MATERIAL,,,,
205,582,V-Belt,MISCELLENEOUS AND OTHER OFFICE EXPENSES-,,MATERIAL,,,,
205,583,Timing Belt,MISCELLENEOUS AND OTHER OFFICE EXPENSES-,,MATERIAL,,,,
205,584,Turn Buckle,MISCELLENEOUS AND OTHER OFFICE EXPENSES-,,MATERIAL,,,,
205,585,Silicon Selant,MISCELLENEOUS AND OTHER OFFICE EXPENSES-,,MATERIAL,,,,
205,586,Belt,MISCELLENEOUS AND OTHER OFFICE EXPENSES-,,MATERIAL,,,,
205,587,Inverter,MISCELLENEOUS AND OTHER OFFICE EXPENSES-,,MATERIAL,,,,
205,588,Ceiling Fan,MISCELLENEOUS AND OTHER OFFICE EXPENSES-,,MATERIAL,,,,
205,589,Bracket Fan,MISCELLENEOUS AND OTHER OFFICE EXPENSES-,,MATERIAL,,,,
205,590,Compressor,MISCELLENEOUS AND OTHER OFFICE EXPENSES-,,MATERIAL,,,,
205,591,Freon Gas,MISCELLENEOUS AND OTHER OFFICE EXPENSES-,,MATERIAL,,,,
205,592,FAG Pillow,MISCELLENEOUS AND OTHER OFFICE EXPENSES-,,MATERIAL,,,,
205,593,FAG Sleeve,MISCELLENEOUS AND OTHER OFFICE EXPENSES-,,MATERIAL,,,,
205,594,FAG Seal,MISCELLENEOUS AND OTHER OFFICE EXPENSES-,,MATERIAL,,,,
205,595,Chain Lock,MISCELLENEOUS AND OTHER OFFICE EXPENSES-,,MATERIAL,,,,
205,596,Circuit Breakers,MISCELLENEOUS AND OTHER OFFICE EXPENSES-,,MATERIAL,,,,
205,597,Relays,MISCELLENEOUS AND OTHER OFFICE EXPENSES-,,MATERIAL,,,,
205,598,Contactors,MISCELLENEOUS AND OTHER OFFICE EXPENSES-,,MATERIAL,,,,
205,599,Regulators,MISCELLENEOUS AND OTHER OFFICE EXPENSES-,,MATERIAL,,,,
205,600,TDS Meter,MISCELLENEOUS AND OTHER OFFICE EXPENSES-,,MATERIAL,,,,
205,601,Battery,MISCELLENEOUS AND OTHER OFFICE EXPENSES-,,MATERIAL,,,,
205,602,Teflon Gland,MISCELLENEOUS AND OTHER OFFICE EXPENSES-,,MATERIAL,,,,
205,603,Graphite Coated Canvas,MISCELLENEOUS AND OTHER OFFICE EXPENSES-,,MATERIAL,,,,
205,604,Felt,MISCELLENEOUS AND OTHER OFFICE EXPENSES-,,MATERIAL,,,,
205,605,Deformed Bar,MISCELLENEOUS AND OTHER OFFICE EXPENSES-,,MATERIAL,,,,
205,606,MS Flange,MISCELLENEOUS AND OTHER OFFICE EXPENSES-,,MATERIAL,,,,
205,607,Chain Block,MISCELLENEOUS AND OTHER OFFICE EXPENSES-,,MATERIAL,,,,
205,608,Tyre,MISCELLENEOUS AND OTHER OFFICE EXPENSES-,,MATERIAL,,,,
205,609,HR Product,MISCELLENEOUS AND OTHER OFFICE EXPENSES-,,MATERIAL,,,,
205,610,Rubber Conveyor,MISCELLENEOUS AND OTHER OFFICE EXPENSES-,,MATERIAL,,,,
205,611,Cement,MISCELLENEOUS AND OTHER OFFICE EXPENSES-,,MATERIAL,,,,
205,612,Battery Terminal,MISCELLENEOUS AND OTHER OFFICE EXPENSES-,,MATERIAL,,,,
205,613,Wire Rope,MISCELLENEOUS AND OTHER OFFICE EXPENSES-,,MATERIAL,,,,
205,614,Mechanical Seal,MISCELLENEOUS AND OTHER OFFICE EXPENSES-,,MATERIAL,,,,
205,615,Conveyor Belt,MISCELLENEOUS AND OTHER OFFICE EXPENSES-,,MATERIAL,,,,
205,616,S.S Wire Net,MISCELLENEOUS AND OTHER OFFICE EXPENSES-,,MATERIAL,,,,
4321,617,RAW (21-22),RICE,,Rawmaterial,,SPECIAL BASMATI,11,312
123,618,RAW (21-22),RICE,,Rawmaterial,,D-98,11,312
4307,619,RAW (21-22),RICE,,Rawmaterial,,SUPER SINDH BROWN,11,312
722,620,Additive I,MISCELLENEOUS AND OTHER OFFICE EXPENSES-,,MATERIAL,,,,
371,621,Spare Parts,MISCELLENEOUS AND OTHER OFFICE EXPENSES-,,MATERIAL,,,,
142,622,Cylinder,MISCELLENEOUS AND OTHER OFFICE EXPENSES-,,MATERIAL,,,,
3028,623,Rice Roller,MISCELLENEOUS AND OTHER OFFICE EXPENSES-,,MATERIAL,,,,
371,624,Gear Motor,MISCELLENEOUS AND OTHER OFFICE EXPENSES-,,MATERIAL,,,,
2317,625,MS Chain,MISCELLENEOUS AND OTHER OFFICE EXPENSES-,,MATERIAL,,,,
371,626,SEC Wire,MISCELLENEOUS AND OTHER OFFICE EXPENSES-,,MATERIAL,,,,
4314,627,RAW (21-22),RICE,,Rawmaterial,,SUPER STEAM,11,312
48,628,Electric Appliance Water Dispenser,MISCELLENEOUS AND OTHER OFFICE EXPENSES-,,MATERIAL,,,,
371,629,RPM,MISCELLENEOUS AND OTHER OFFICE EXPENSES-,,MATERIAL,,,,
142,630,Bottle Label,MISCELLENEOUS AND OTHER OFFICE EXPENSES-,,MATERIAL,,,,
142,631,Layer Bag,MISCELLENEOUS AND OTHER OFFICE EXPENSES-,,MATERIAL,,,,
142,632,Wet Gon,MISCELLENEOUS AND OTHER OFFICE EXPENSES-,,MATERIAL,,,,
371,633,Service Charges,MISCELLENEOUS AND OTHER OFFICE EXPENSES-,,MATERIAL,,,,
368,634,Fixed Rental Charges for Generator,MISCELLENEOUS AND OTHER OFFICE EXPENSES-,,SERVICES,,,,
205,635,Marketing Expense,MISCELLENEOUS AND OTHER OFFICE EXPENSES-,,SERVICES,,,,
355,636,Transportation Local,MISCELLENEOUS AND OTHER OFFICE EXPENSES-,,SERVICES,,,,
371,637,Rent of Fork Lifter,MISCELLENEOUS AND OTHER OFFICE EXPENSES-,,SERVICES,,,,
371,638,Rent of Crane,MISCELLENEOUS AND OTHER OFFICE EXPENSES-,,SERVICES,,,,
368,639,Generator Rent Service,MISCELLENEOUS AND OTHER OFFICE EXPENSES-,,SERVICES,,,,
387,640,Generator Maintenance Service,MISCELLENEOUS AND OTHER OFFICE EXPENSES-,,SERVICES,,,,
402,641,Security Guard Service,MISCELLENEOUS AND OTHER OFFICE EXPENSES-,,SERVICES,,,,
399,642,Compliance & Filling,MISCELLENEOUS AND OTHER OFFICE EXPENSES-,,SERVICES,,,,
397,643,Fee & Subscription (AMC),MISCELLENEOUS AND OTHER OFFICE EXPENSES-,,SERVICES,,,,
391,644,Water Purification - MRC,MISCELLENEOUS AND OTHER OFFICE EXPENSES-,,SERVICES,,,,
388,645,Internet Service,MISCELLENEOUS AND OTHER OFFICE EXPENSES-,,SERVICES,,,,
371,646,Bentone ND Sloan,MISCELLENEOUS AND OTHER OFFICE EXPENSES-,,MATERIAL,,,,
205,647,Klinger,MISCELLENEOUS AND OTHER OFFICE EXPENSES-,,MATERIAL,,,,
142,648,Mughal Vermiclli Bags,MISCELLENEOUS AND OTHER OFFICE EXPENSES-,,MATERIAL,,,,
2317,649,Sheet,MISCELLENEOUS AND OTHER OFFICE EXPENSES-,,MATERIAL,,,,
371,650,Industrial Belt,MISCELLENEOUS AND OTHER OFFICE EXPENSES-,,MATERIAL,,,,
371,651,Rubber Products,MISCELLENEOUS AND OTHER OFFICE EXPENSES-,,MATERIAL,,,,
390,652,Computer Accessories,MISCELLENEOUS AND OTHER OFFICE EXPENSES-,,MATERIAL,,,,
371,653,Light/Bulb/Savor,MISCELLENEOUS AND OTHER OFFICE EXPENSES-,,MATERIAL,,,,
371,654,Electric Panel,MISCELLENEOUS AND OTHER OFFICE EXPENSES-,,MATERIAL,,,,
967,655,Electric Transformer,MISCELLENEOUS AND OTHER OFFICE EXPENSES-,,MATERIAL,,,,
48,656,AC Floor Standing,MISCELLENEOUS AND OTHER OFFICE EXPENSES-,,MATERIAL,,,,
371,657,Temparature Meter,MISCELLENEOUS AND OTHER OFFICE EXPENSES-,,MATERIAL,,,,
371,658,Pipe & Fitting,MISCELLENEOUS AND OTHER OFFICE EXPENSES-,,MATERIAL,,,,
371,659,Belt Bucket Elevator,MISCELLENEOUS AND OTHER OFFICE EXPENSES-,,MATERIAL,,,,
3028,660,Tester Meter,MISCELLENEOUS AND OTHER OFFICE EXPENSES-,,MATERIAL,,,,
2790,661,Flat Rolled Steel,MISCELLENEOUS AND OTHER OFFICE EXPENSES-,,MATERIAL,,,,
371,662,Welding Accessories,MISCELLENEOUS AND OTHER OFFICE EXPENSES-,,MATERIAL,,,,
376,663,Bit Defendar Security,MISCELLENEOUS AND OTHER OFFICE EXPENSES-,,SERVICES,,,,
3734,664,Transplanting Charges,MISCELLENEOUS AND OTHER OFFICE EXPENSES-,,SERVICES,,,,
23,665,Electrical Services,MISCELLENEOUS AND OTHER OFFICE EXPENSES-,,SERVICES,,,,
397,666,Entity Rating Service,MISCELLENEOUS AND OTHER OFFICE EXPENSES-,,SERVICES,,,,
371,667,Weighing Scale Services,MISCELLENEOUS AND OTHER OFFICE EXPENSES-,,SERVICES,,,,
8,668,Fixed Assets Electronic Weighbridge,MISCELLENEOUS AND OTHER OFFICE EXPENSES-,,MATERIAL,,,,
8,669,Electronic Weighbridge Accessories,MISCELLENEOUS AND OTHER OFFICE EXPENSES-,,MATERIAL,,,,
377,670,Insurance Service,MISCELLENEOUS AND OTHER OFFICE EXPENSES-,,MATERIAL,,,,
142,671,PP Printed Bags 5KG,MISCELLENEOUS AND OTHER OFFICE EXPENSES-,,MATERIAL,,,,
142,672,PP Printed Bags 10KG,MISCELLENEOUS AND OTHER OFFICE EXPENSES-,,MATERIAL,,,,
142,673,PP Printed Bags 1KG,MISCELLENEOUS AND OTHER OFFICE EXPENSES-,,MATERIAL,,,,
205,674,Adapter Sleeve,MISCELLENEOUS AND OTHER OFFICE EXPENSES-,,MATERIAL,,,,
205,675,Imaje Printing Ink,MISCELLENEOUS AND OTHER OFFICE EXPENSES-,,MATERIAL,,,,
205,676,Cutting Oil,MISCELLENEOUS AND OTHER OFFICE EXPENSES-,,MATERIAL,,,,
371,677,True RMS Clamp Meter ESPR,MISCELLENEOUS AND OTHER OFFICE EXPENSES-,,MATERIAL,,,,
2317,678,Pillow Block,MISCELLENEOUS AND OTHER OFFICE EXPENSES-,,MATERIAL,,,,
205,679,Acrylic Sheet,MISCELLENEOUS AND OTHER OFFICE EXPENSES-,,MATERIAL,,,,
371,680,Shaft,MISCELLENEOUS AND OTHER OFFICE EXPENSES-,,MATERIAL,,,,
23,681,Transformer Services,MISCELLENEOUS AND OTHER OFFICE EXPENSES-,,SERVICES,,,,
127,682,RAW (21-22),RICE,,Rawmaterial,,386 SELA,11,4191
205,687,Ball Bearing,MISCELLENEOUS AND OTHER OFFICE EXPENSES-,,MATERIAL,,,,
205,684,Compressor Scroll,MISCELLENEOUS AND OTHER OFFICE EXPENSES-,,MATERIAL,,,,
205,685,Compressor Oil,MISCELLENEOUS AND OTHER OFFICE EXPENSES-,,MATERIAL,,,,
205,686,Roller Bearing,MISCELLENEOUS AND OTHER OFFICE EXPENSES-,,MATERIAL,,,,
205,688,Housing,MISCELLENEOUS AND OTHER OFFICE EXPENSES-,,MATERIAL,,,,
205,689,Polythene Sheet,MISCELLENEOUS AND OTHER OFFICE EXPENSES-,,MATERIAL,,,,
142,690,Inword Book,MISCELLENEOUS AND OTHER OFFICE EXPENSES-,,MATERIAL,,,,
142,691,Rice Mill Book,MISCELLENEOUS AND OTHER OFFICE EXPENSES-,,MATERIAL,,,,
371,692,Stanley EDP,MISCELLENEOUS AND OTHER OFFICE EXPENSES-,,MATERIAL,,,,
205,693,Printer Ink,MISCELLENEOUS AND OTHER OFFICE EXPENSES-,,MATERIAL,,,,
205,694,FAC Solvent,MISCELLENEOUS AND OTHER OFFICE EXPENSES-,,MATERIAL,,,,
2317,695,Water Tank Fiber,MISCELLENEOUS AND OTHER OFFICE EXPENSES-,,MATERIAL,,,,
4193,696,.,RICE,,Finished,,MUGHAL C-9,7,4192
4193,697,.,RICE,,Finished,,MUGHAL DAILY SELA,11,4192
4193,698,.,RICE,,Finished,,MUGHAL IRRI-6,7,4192
4193,699,.,RICE,,Finished,,MUGHAL MAJMOOUA 1121 BBR,11,4192
2865,700,Solar Panel,MISCELLENEOUS AND OTHER OFFICE EXPENSES-,,MATERIAL,,,,
2317,701,Chain & Parts,MISCELLENEOUS AND OTHER OFFICE EXPENSES-,,MATERIAL,,,,
23,702,Paddy Seperator MGCZ,MISCELLENEOUS AND OTHER OFFICE EXPENSES-,,MATERIAL,,,,
23,703,Hammer Mill - Rice Husk,MISCELLENEOUS AND OTHER OFFICE EXPENSES-,,MATERIAL,,,,
23,704,Paddy De-Stoner TQS,MISCELLENEOUS AND OTHER OFFICE EXPENSES-,,MATERIAL,,,,
23,705,Rice Mill Machinery,MISCELLENEOUS AND OTHER OFFICE EXPENSES-,,MATERIAL,,,,
23,706,Rice Mill Machinery Accessories,MISCELLENEOUS AND OTHER OFFICE EXPENSES-,,MATERIAL,,,,
23,707,Rice Whitener,MISCELLENEOUS AND OTHER OFFICE EXPENSES-,,MATERIAL,,,,
371,708,Induction Seal,MISCELLENEOUS AND OTHER OFFICE EXPENSES-,,MATERIAL,,,,
2447,709,Yellow Peas,MISCELLENEOUS AND OTHER OFFICE EXPENSES-,,MATERIAL,,,,
4198,710,(21-22),RICE,,Rawmaterial,,DAILY SELA,11,4191
4199,711,(21-22),RICE,,Rawmaterial,,GOLI,11,312
115,712,RAW (21-22),PADDY,,Rawmaterial,,IRRI-6,7,311
2216,713,RAW (21-22),PADDY,,Rawmaterial,,SUPER SINDH,11,312
132,714,Compressed Oxygen,MISCELLENEOUS AND OTHER OFFICE EXPENSES-,,MATERIAL,,,,
132,715,Compressed Nitrogen,MISCELLENEOUS AND OTHER OFFICE EXPENSES-,,MATERIAL,,,,
115,716,HEAD RICE,PADDY,,Finished,,IRRI-6,7,311
115,717,B-2,PADDY,,By Product,,IRRI-6,7,318
115,718,B-3 (NIKKU),PADDY,,By Product,,IRRI-6,7,318
115,719,POWDER (IRRI-6),PADDY,,By Product,,IRRI-6,7,318
115,720,HUSK,PADDY,,By Product,,IRRI-6 & OTHRES,7,318
115,721,DUST,PADDY,,By Product,,IRRI-6 & OTHERS,7,318
115,722,ASH,PADDY,,By Product,,IRRI-6 & OTHERS,7,318
115,723,RICE BRAN,PADDY,,By Product,,IRRI-6,7,318
2216,724,HEAD RICE,PADDY,,Finished,,SUPER SINDH,11,312
2216,725,B-1,PADDY,,By Product,,SUPER SINDH,11,564
2216,726,B-2,PADDY,,By Product,,SUPER SINDH,11,564
2216,727,B-3,PADDY,,By Product,,SUPER SINDH,11,564
2216,728,POWDER (OTHERS),PADDY,,By Product,,SUPER SINDH,11,564
115,729,STONE,PADDY,,By Product,,IRRI-6 & OTHERS,7,318
371,730,Element Overhauling Kit (EOK),MISCELLENEOUS AND OTHER OFFICE EXPENSES-,,MATERIAL,,,,
132,731,Carter EP 220,MISCELLENEOUS AND OTHER OFFICE EXPENSES-,,MATERIAL,,,,
132,732,Glass Products,MISCELLENEOUS AND OTHER OFFICE EXPENSES-,,MATERIAL,,,,
132,733,Safety Shoes,MISCELLENEOUS AND OTHER OFFICE EXPENSES-,,MATERIAL,,,,
132,734,Safety Googles,MISCELLENEOUS AND OTHER OFFICE EXPENSES-,,MATERIAL,,,,
132,735,Safety Helmet,MISCELLENEOUS AND OTHER OFFICE EXPENSES-,,MATERIAL,,,,
118,736,RAW (BROWN),RICE,,Finished,,SUPER SINDH,11,312
142,737,Straping Machine,MISCELLENEOUS AND OTHER OFFICE EXPENSES-,,MATERIAL,,,,
142,738,Straping Band,MISCELLENEOUS AND OTHER OFFICE EXPENSES-,,MATERIAL,,,,
4303,739,CHOBA,RICE,,By Product,100,SUPER BROWN,11,564
4303,740,IMMATURE,RICE,,By Product,,SUPER BROWN,11,564
4305,741,RAW (21-22),RICE,,Rawmaterial,,SUPER CHANAB,11,312
132,742,Fiber Product,MISCELLENEOUS AND OTHER OFFICE EXPENSES-,,MATERIAL,,,,
126,743,RAW (21-22),RICE,,Rawmaterial,,IRRI-6 SELA,7,311
4193,744,.,RICE,,Finished,,MUGHAL BROWN BASMATI RICE,11,4192
371,745,Sanitary Item,MISCELLENEOUS AND OTHER OFFICE EXPENSES-,,MATERIAL,,,,
132,746,FAG Flange,MISCELLENEOUS AND OTHER OFFICE EXPENSES-,,MATERIAL,,,,
722,747,Dry on (Moisture Absorbent),MISCELLENEOUS AND OTHER OFFICE EXPENSES-,,MATERIAL,,,,
2016,748,FAQ (22-23),WHEAT,,Rawmaterial,,RAW,8,793
402,749,Memory Board,MISCELLENEOUS AND OTHER OFFICE EXPENSES-,,MATERIAL,,,,
371,750,Inkjet Printer,MISCELLENEOUS AND OTHER OFFICE EXPENSES-,,MATERIAL,,,,
132,751,Tea Pouch,MISCELLENEOUS AND OTHER OFFICE EXPENSES-,,MATERIAL,,,,
4306,752,RAW (21-22),RICE,,Rawmaterial,,SUPER SINDH,11,312
371,753,PEDESTAL FAN,MISCELLENEOUS AND OTHER OFFICE EXPENSES-,,MATERIAL,,,,
371,754,EXHAUST FAN,MISCELLENEOUS AND OTHER OFFICE EXPENSES-,,MATERIAL,,,,
132,755,TCT Circular Saw Blades,MISCELLENEOUS AND OTHER OFFICE EXPENSES-,,MATERIAL,,,,
132,756,Cartage,MISCELLENEOUS AND OTHER OFFICE EXPENSES-,,MATERIAL,,,,
3028,757,S.S Sheet,MISCELLENEOUS AND OTHER OFFICE EXPENSES-,,MATERIAL,,,,
371,758,Water Filter,MISCELLENEOUS AND OTHER OFFICE EXPENSES-,,MATERIAL,,,,
132,759,Thermostat,MISCELLENEOUS AND OTHER OFFICE EXPENSES-,,MATERIAL,,,,
371,760,Conveyor Belt Bucket,MISCELLENEOUS AND OTHER OFFICE EXPENSES-,,MATERIAL,,,,
132,761,Color Material & Accessories,MISCELLENEOUS AND OTHER OFFICE EXPENSES-,,MATERIAL,,,,
132,762,Magnetic Level Guage,MISCELLENEOUS AND OTHER OFFICE EXPENSES-,,MATERIAL,,,,
132,763,Process Level Controller,MISCELLENEOUS AND OTHER OFFICE EXPENSES-,,MATERIAL,,,,
371,764,RUBBER CONVEYOR BELT,MISCELLENEOUS AND OTHER OFFICE EXPENSES-,,MATERIAL,,,,
4208,765,RAW (21-22),RICE,,Rawmaterial,,C-9 STEAM,7,311
691,766,FAQ (22-23),CORN,,Rawmaterial,,RAW,18,3699
4470,767,RAW (21-22),RICE,,Rawmaterial,,C-9 SELA,7,311
142,768,PP Pouch 900gm,MISCELLENEOUS AND OTHER OFFICE EXPENSES-,,MATERIAL,,,,
8,769,Steel Pipe,MISCELLENEOUS AND OTHER OFFICE EXPENSES-,,MATERIAL,,,,
371,770,Elevator Carvane,MISCELLENEOUS AND OTHER OFFICE EXPENSES-,,MATERIAL,,,,
23,771,Carton Sealing Machine,MISCELLENEOUS AND OTHER OFFICE EXPENSES-,,MATERIAL,,,,
121,772,C.S.R 5%,RICE,,By Product,,IRRI-6,7,318
371,773,Installation Charges,MISCELLENEOUS AND OTHER OFFICE EXPENSES-,,SERVICES,,,,
371,774,Metal Box,MISCELLENEOUS AND OTHER OFFICE EXPENSES-,,MATERIAL,,,,
580,775,Salary Disbursement Service,MISCELLENEOUS AND OTHER OFFICE EXPENSES-,,SERVICES,,,,
132,776,FIXED ASSETS FORKLIFT TRUCK,MISCELLENEOUS AND OTHER OFFICE EXPENSES-,,MATERIAL,,,,
23,777,MS FLAT BAR,MISCELLENEOUS AND OTHER OFFICE EXPENSES-,,MATERIAL,,,,
371,778,WATER DISPENSER,MISCELLENEOUS AND OTHER OFFICE EXPENSES-,,MATERIAL,,,,
4208,779,C.S.R,RICE,,By Product,80,C-9 STEAM,7,318
132,780,HOT OIL CENTRIFUGAL PUMP,MISCELLENEOUS AND OTHER OFFICE EXPENSES-,,MATERIAL,,,,
390,781,CASH COUNTING MACHINE,MISCELLENEOUS AND OTHER OFFICE EXPENSES-,,MATERIAL,,,,
23,782,MCC PANEL (SESME SEED PLANT),MISCELLENEOUS AND OTHER OFFICE EXPENSES-,,MATERIAL,,,,
142,783,TRANSPARENT POLYTHENE,MISCELLENEOUS AND OTHER OFFICE EXPENSES-,,MATERIAL,,,,
4310,784,RAW (21-22),RICE,,Rawmaterial,,1509 SELA,11,312
4502,785,RAW (21-22),RICE,,Rawmaterial,,SUPRI STEAM,11,4191
33,786,MS Tube,MISCELLENEOUS AND OTHER OFFICE EXPENSES-,,MATERIAL,,,,
23,787,Seal,MISCELLENEOUS AND OTHER OFFICE EXPENSES-,,MATERIAL,,,,
4324,788,(21-22),RICE,,Rawmaterial,,DARBAR,11,312
121,789,RAW (22-23),RICE,,Rawmaterial,,IRRI-6,7,311
4519,790,FINISHED GOODS,RICE,,Finished,,SUPER CHANAB SELA,11,312
23,791,STEEL COIL,MISCELLENEOUS AND OTHER OFFICE EXPENSES-,,MATERIAL,,,,
371,792,WEIGHING SCALES PARTS,MISCELLENEOUS AND OTHER OFFICE EXPENSES-,,MATERIAL,,,,
23,793,LABORATARY TESTING EQUIPMENTS,MISCELLENEOUS AND OTHER OFFICE EXPENSES-,,MATERIAL,,,,
2790,794,STORAGE STEEL RACK ANGLE,MISCELLENEOUS AND OTHER OFFICE EXPENSES-,,MATERIAL,,,,
4193,795,.,RICE,,Finished,,MUGHAL BADSHAHI SELA,11,4192
4300,796,RAW (22-23),RICE,,Rawmaterial,,SUPER FINE STEAM,11,312
132,797,SOLVENT,MISCELLENEOUS AND OTHER OFFICE EXPENSES-,,MATERIAL,,,,
132,798,WELDING PLANT,MISCELLENEOUS AND OTHER OFFICE EXPENSES-,,MATERIAL,,,,
4314,799,C.S.R,RICE,,By Product,,SUPER STEAM,11,564
4208,800,FINISHED GOODS,RICE,,Finished,,C-9 STEAM,7,311
4299,801,RAW (22-23),RICE,,Rawmaterial,,SUPER FINE SELA,11,312
132,802,GHEE,MISCELLENEOUS AND OTHER OFFICE EXPENSES-,,MATERIAL,,,,
32,803,SEALING MACHINE,MISCELLENEOUS AND OTHER OFFICE EXPENSES-,,MATERIAL,,,,
121,804,CSR FINAL (H/R)-,RICE,,Rawmaterial,,IRRI-6,7,311
5,805,WATER PROOFING MATERIAL,MISCELLENEOUS AND OTHER OFFICE EXPENSES-,,MATERIAL,,,,
132,806,CUTTING DISK,MISCELLENEOUS AND OTHER OFFICE EXPENSES-,,MATERIAL,,,,
4212,807,RAW (22-23),RICE,,Rawmaterial,,SUPRI,11,4191
4210,808,RAW (22-23),RICE,,Rawmaterial,,LAL 386,11,4191
4302,809,FINISHED GOODS,RICE,,Finished,,1121 SELA,11,312
4302,810,B-Q,RICE,,By Product,125,1121 SELA,11,564
4302,811,B-1,RICE,,By Product,,1121 SELA,11,564
4302,812,B-2,RICE,,By Product,115,1121 SELA,11,564
4302,813,B-2 (C.S.R),RICE,,By Product,110,1121 SELA,11,564
4302,814,B-3,RICE,,By Product,,1121 SELA,11,564
4302,815,C.S.R,RICE,,By Product,120,1121 SELA,11,564
4302,816,PADDY,RICE,,By Product,,1121 SELA,11,564
4302,817,CHOBA,RICE,,By Product,,1121 SELA,11,564
4302,818,SWEEPING,RICE,,By Product,,1121 SELA,11,564
118,819,B-2 CSR,RICE,,By Product,120,SUPER,11,564
4313,820,C.S.R,RICE,,By Product,170,1121 STEAM,11,564
132,821,CHEMICALS,MISCELLENEOUS AND OTHER OFFICE EXPENSES-,,MATERIAL,,,,
4199,822,(22-23),RICE,,Rawmaterial,,GOLI,11,312
4308,823,RAW (22-23),RICE,,Rawmaterial,,1509 STEAM,11,312
4317,824,RAW (22-23),RICE,,Rawmaterial,,SUPER CHANAB BROWN,11,312
4203,825,RAW (22-23),RICE,,Rawmaterial,,IRRI-6 BROWN,7,311
4625,826,ERP SOFTWARE SYSTEM,MISCELLENEOUS AND OTHER OFFICE EXPENSES-,,SERVICES,,,,
127,827,RAW (22-23),RICE,,Rawmaterial,,SUPRI SELA,11,4191
2016,828,FAQ (22-23),WHEAT,,Rawmaterial,,RAW SINDH FOOD,8,793
402,829,AGENCY COMMISSION,MISCELLENEOUS AND OTHER OFFICE EXPENSES-,,SERVICES,,,,
402,830,ANNUAL MAINTENANCE CONTRACT,MISCELLENEOUS AND OTHER OFFICE EXPENSES-,,SERVICES,,,,
4313,831,RAW (22-23),RICE,,Rawmaterial,,1121 STEAM,11,312
4323,832,(22-23),RICE,,Rawmaterial,,DAILY TUKRA,11,312
4305,833,RAW (22-23),RICE,,Rawmaterial,,SUPER CHANAB,11,312
4211,834,RAW (22-23),RICE,,Rawmaterial,,LAL 386 STEAM,11,4191
4308,835,PROCESS (22-23),RICE,,Rawmaterial,,1509 STEAM,11,312
4301,836,RAW (22-23),RICE,,Rawmaterial,,1121 WHITE,11,312
142,837,STRAPING BAND,MISCELLENEOUS AND OTHER OFFICE EXPENSES-,,MATERIAL,,,,
4302,838,SEMI SORTEX (22-23),RICE,,Rawmaterial,,1121 SELA,11,312
4308,839,C.S.R (22-23),RICE,,Rawmaterial,,1509 STEAM,11,312
4313,840,B-2 (22-23),RICE,,Rawmaterial,,1121 STEAM,11,312
118,841,RAW (22-23),RICE,,Rawmaterial,,SUPER,11,312
132,842,Waste Management Services,MISCELLENEOUS AND OTHER OFFICE EXPENSES-,,SERVICES,,,,
132,843,Environmental Services,MISCELLENEOUS AND OTHER OFFICE EXPENSES-,,SERVICES,,,,
127,844,C.S.R (22-23),RICE,,Rawmaterial,,386 SELA,11,4191
4302,845,C.S.R,RICE,,Rawmaterial,,1121 SELA,11,312
4307,846,RAW (22-23),RICE,,Rawmaterial,,SUPER SINDH BROWN,11,312
399,847,Professional Fee,MISCELLENEOUS AND OTHER OFFICE EXPENSES-,,SERVICES,,,,
4193,848,(EXPORT),RICE,,Finished,,MUGHAL BADSHAH,11,312
4193,849,(EXPORT),RICE,,Finished,,MUGHAL ECONOMY,11,312
4322,850,(22-23),RICE,,Rawmaterial,,BADSHAHI TUKRA,11,312
4897,853,RAW (22-23),RICE,,Rawmaterial,,SUPER PUNJAB BROWN,11,312
4208,851,RAW (22-23),RICE,,Rawmaterial,,C-9 STEAM,7,311
4208,852,100% BROKEN,RICE,,By Product,90,C-9 STEAM,7,318
4303,854,B-2 (GHAROO),RICE,,Rawmaterial,,SUPER BROWN,11,564
132,855,Tracker Service,MISCELLENEOUS AND OTHER OFFICE EXPENSES-,,SERVICES,,,,
4313,856,C.S.R (22-23),RICE,,Rawmaterial,,1121 STEAM,11,312
376,857,CCTV SYSTEM ACCESSORIES,MISCELLENEOUS AND OTHER OFFICE EXPENSES-,,MATERIAL,,,,
4911,858,(22-23),RICE,,Rawmaterial,,SUPER PUNJAB BROWN BAF/W,11,312
4324,859,25KG (22-23),RICE,,Rawmaterial,,DARBAR,11,312
118,860,B-2,RICE,,Rawmaterial,,SUPER,11,312
4470,861,RAW (22-23),RICE,,Rawmaterial,,C-9 SELA,7,311
4470,862,FINISHED GOODS,RICE,,Finished,,C-9 SELA,7,311
4470,863,B-Q,RICE,,By Product,,C-9 SELA,7,318
4470,864,B-1,RICE,,By Product,,C-9 SELA,7,318
4470,865,B-2,RICE,,By Product,,C-9 SELA,7,318
4470,866,B-3,RICE,,By Product,,C-9 SELA,7,318
4470,867,C.S.R,RICE,,By Product,,C-9 SELA,7,318
4470,868,PADDY,RICE,,By Product,,C-9 SELA,7,318
4470,869,CHOBA,RICE,,By Product,,C-9 SELA,7,318
4470,870,OTHERS,RICE,,By Product,,C-9 SELA,7,318
4470,871,SWEEPING,RICE,,By Product,,C-9 SELA,7,318
4470,872,LOSSES,RICE,,By Product,,C-9 SELA,7,318
4208,873,B-2 (22-23),RICE,,Rawmaterial,,C-9 STEAM,7,311
4470,874,H/R,RICE,,By Product,,C-9 SELA,7,311
371,875,MS Bucket,MISCELLENEOUS AND OTHER OFFICE EXPENSES-,,MATERIAL,,,,
4193,876,.,RICE,,Finished,,MUGHAL ROYAL DIAMOND,11,4192
4193,877,.,RICE,,Finished,,MUGHAL ROYAL GOLD,11,4192
4193,878,.,RICE,,Finished,,MUGHAL ROYAL CLASSIC,11,4192
4193,879,.,RICE,,Finished,,MUGHAL DIAMOND,11,4192
4193,880,.,RICE,,Finished,,MUGHAL GOLD,11,4192
4193,881,.,RICE,,Finished,,MUGHAL CLASSIC,11,4192
4193,882,.,RICE,,Finished,,MUGHAL ECONOMY PLUS,11,4192
4193,883,.,RICE,,Finished,,MUGHAL RPZANA PLUS,11,4192
4208,884,C.S.R H/R,RICE,,By Product,,C-9 STEAM,7,311
4208,885,B-1,RICE,,By Product,,C-9 STEAM,7,318
4208,886,B-2,RICE,,By Product,,C-9 STEAM,7,318
402,887,Pinted Rollup Blinds,MISCELLENEOUS AND OTHER OFFICE EXPENSES-,,MATERIAL,,,,
402,888,Printed Rollup Blinds,MISCELLENEOUS AND OTHER OFFICE EXPENSES-,,MATERIAL,,,,
4310,889,RAW (22-23),RICE,,Rawmaterial,,1509 SELA SEMI PROCESS,11,312
118,890,B-2 (C.S.R) (22-23),RICE,,Rawmaterial,,SUPER,11,312
402,891,PHOSPHERIC ACID,MISCELLENEOUS AND OTHER OFFICE EXPENSES-,,MATERIAL,,,,
4897,892,PROCESS (22-23),RICE,,Rawmaterial,,SUPER PUNJAB BROWN,11,312
371,893,KEROSENE,MISCELLENEOUS AND OTHER OFFICE EXPENSES-,,MATERIAL,,,,
402,894,CCTV SECURITY SERVICES,MISCELLENEOUS AND OTHER OFFICE EXPENSES-,,SERVICES,,,,
4313,895,PROCESS (22-23),RICE,,Rawmaterial,,1121 STEAM,11,312
4324,896,50KG (22-23),RICE,,Rawmaterial,,DARBAR,11,312
402,897,CLEARING SERVICES,MISCELLENEOUS AND OTHER OFFICE EXPENSES-,,SERVICES,,,,
4310,898,C.S.R,RICE,,Rawmaterial,,1509 SELA,11,564
4303,899,C.S.R (22-23),RICE,,Rawmaterial,,SUPER BROWN,11,564
2016,900,FAQ (23-24),WHEAT,,Rawmaterial,,RAW,8,793
121,901,RAW (10%) PG,RICE,,Rawmaterial,,IRRI-6,7,311
4313,902,PROCESS (22-23) EXPORT QUALITY,RICE,,Rawmaterial,,1121 STEAM,11,312
121,903,C.S.R,RICE,,Rawmaterial,,IRRI-6,7,318
121,904,B-2,RICE,,Rawmaterial,,IRRI-6,7,318
4313,905,PROCESS FG (22-23),RICE,,Finished,,1121 STEAM,11,312
118,906,BROWN TO WHITE,RICE,,Finished,,SUPER H/R (F.P),11,312
118,907,BROWN TO WHITE,RICE,,Rawmaterial,,SUPER H/R (CSR),11,312
118,908,(22-23),RICE,,Rawmaterial,,LOCAL REJECTION,11,312
4303,909,B-2,RICE,,Rawmaterial,,SUPER BROWN,11,564
691,910,FAQ (23-24),CORN,,Rawmaterial,,RAW,18,3699
402,911,ATTENDANCE MACHINE,MISCELLENEOUS AND OTHER OFFICE EXPENSES-,,MATERIAL,,,,
132,912,FIRE BRICKS,MISCELLENEOUS AND OTHER OFFICE EXPENSES-,,MATERIAL,,,,
132,913,CERAMIC MATERIALS,MISCELLENEOUS AND OTHER OFFICE EXPENSES-,,MATERIAL,,,,
132,914,MS STRIP,MISCELLENEOUS AND OTHER OFFICE EXPENSES-,,MATERIAL,,,,
371,915,GENERATOR,MISCELLENEOUS AND OTHER OFFICE EXPENSES-,,MATERIAL,,,,
132,916,Throat Cone,MISCELLENEOUS AND OTHER OFFICE EXPENSES-,,MATERIAL,,,,
4193,917,.,RICE,,Rawmaterial,,MUGHAL RAW,11,4192
121,918,PADDY (H/R),RICE,,Finished,,IRRI-6,7,311
121,919,RAW (23-24),RICE,,Rawmaterial,,IRRI-6,7,311
121,920,RAW PUNJAB (23-24),RICE,,Rawmaterial,,IRRI-6,7,311
4300,921,RAW (23-24),RICE,,Rawmaterial,,SUPER FINE STEAM,11,312
5729,922,(23-24),RICE,,Rawmaterial,,AWAMI,11,312
118,923,CSR - BROWN TO WHITE,RICE,,Finished,,SUPER H/R (F.P),11,312
4308,924,RAW (23-24),RICE,,Rawmaterial,,1509 STEAM,11,312
2016,925,IMPORTED (23-24),WHEAT,,Rawmaterial,,RAW,8,793
4305,926,FINISHED GOODS,RICE,,Finished,,SUPER CHANAB,11,312
121,927,B-3,RICE,,Rawmaterial,,IRRI-6,7,318
145,928,.,RICE,,Empty Bags,,SCRAP,10,321
371,929,RICE POLISHING WHEELS,MISCELLENEOUS AND OTHER OFFICE EXPENSES-,,MATERIAL,,,,
4308,930,PROCESS (23-24),RICE,,Rawmaterial,,1509 STEAM,11,312
5233,931,RAW (23-24),RICE,,Rawmaterial,,1509 WHITE,11,312
4210,932,RAW (23-24),RICE,,Rawmaterial,,LAL 386,11,4191
145,933,.,CORN,,Empty Bags,,PP BAGS,10,321
4301,934,RAW (23-24),RICE,,Rawmaterial,,1121 WHITE,11,312
4193,935,.,RICE,,Finished,,MUGHAL JASMINE,11,4192
4313,936,RAW (23-24),RICE,,Rawmaterial,,1121 STEAM,11,312
4305,937,RAW (23-24),RICE,,Rawmaterial,,SUPER CHANAB,11,312
4310,938,RAW (23-24),RICE,,Rawmaterial,,1509 SELA SEMI SORTEX,11,312
4203,939,RAW (23-24),RICE,,Rawmaterial,,IRRI-6 BROWN,7,311
4207,940,RAW (23-24),RICE,,Rawmaterial,,C-9,7,311
4307,941,RAW (23-24),RICE,,Rawmaterial,,SUPER SINDH BROWN,11,312
123,942,RAW (23-24),RICE,,Rawmaterial,,D-98,11,312
4470,943,RAW (23-24),RICE,,Rawmaterial,,C-9 SELA,7,11
132,944,Rock Salt,MISCELLENEOUS AND OTHER OFFICE EXPENSES-,,MATERIAL,,,,
4313,945,PROCESS FG (23-24),RICE,,Finished,,1121 STEAM,11,312
4313,946,PROCESS (23-24) EXPORT QUALITY,RICE,,Rawmaterial,,1121 STEAM,11,312
391,947,GROCERY,MISCELLENEOUS AND OTHER OFFICE EXPENSES-,,MATERIAL,,,,
4302,948,SEMI SORTEX (23-24),RICE,,Rawmaterial,,1121 SELA,11,312
4323,949,(23-24),RICE,,Rawmaterial,,DAILY TUKRA,11,312
118,950,RAW (23-24),RICE,,Rawmaterial,,SUPER,11,312
4308,951,C.S.R (23-24),RICE,,Rawmaterial,,1509 STEAM,11,312
2016,952,FAQ (23-24),WHEAT,,Rawmaterial,,RAW SINDH FOOD,8,793
2016,953,FAQ (24-25),WHEAT,,Rawmaterial,,RAW,8,793
4313,954,B-2,RICE,,By Product,130,1121 STEAM,11,564
118,955,(GM FOOD),RICE,,Finished,,100% BASMATI BROKEN,11,312
118,956,RAW (23-24),RICE,,Rawmaterial,,SUPER AFLA,11,312
118,957,B-2 (SP),RICE,,Rawmaterial,,SUPER,11,312
4305,958,B-2 (SP) (23-24),RICE,,Rawmaterial,,SUPER CHANAB,11,312
4313,959,B-2 (23-24),RICE,,Rawmaterial,,1121 STEAM,11,312
691,962,FAQ (24-25),CORN,,Rawmaterial,,RAW,18,3699
4324,960,25KG (23-24),RICE,,Rawmaterial,,DARBAR,11,312
691,961,.,CORN,,By Product,,LOSSES,18,3699
145,963,GENERATOR,RICE,,Empty Bags,,SCRAP,10,321
145,964,P.M.T,RICE,,Empty Bags,,SCRAP,10,321
145,965,EMPTY DRUMS,RICE,,Empty Bags,,SCRAP,10,321
145,966,WOODEN PALLETS,RICE,,Empty Bags,,SCRAP,10,321
4313,967,CSR (23-24),RICE,,Rawmaterial,,1121 STEAM,11,312
4470,968,B-2 C.S.R,RICE,,By Product,55,C-9 SELA,7,318
4310,969,B-2,RICE,,Rawmaterial,,1509 SELA,11,564
4310,970,B-2,RICE,,By Product,,1509 SELA,11,564
4302,971,B-2,RICE,,Rawmaterial,,1121 SELA,11,312
121,972,RAW (24-25),RICE,,Rawmaterial,,IRRI-6,7,311
4305,973,RAW (24-25),RICE,,Rawmaterial,,SUPER CHANAB,11,312
4302,974,B-Q,RICE,,Rawmaterial,,1121 SELA,11,312
4313,975,B-2 CSR,RICE,,By Product,,1121 STEAM,11,564
4325,976,.,RICE,,Rawmaterial,,RICE BRAN,12,313
4193,977,.,RICE,,Finished,,MUGHAL SELLA PONIA,11,4192
4193,978,.,RICE,,Finished,,MUGHAL SELLA TUKRA,11,4192
4193,979,.,RICE,,Finished,,MUGHAL STEAMED PONIA,11,4192
4193,980,.,RICE,,Finished,,MUGHAL STEAMED TUKRA,11,4192
124,981,H/R,RICE,,Finished,,SUPER SELA,11,312
126,982,SEMI PROCESS (24-25),RICE,,Rawmaterial,,IRRI-6 SELA,7,311
4300,983,RAW (24-25),RICE,,Rawmaterial,,SUPER FINE STEAM,11,312
118,984,BROWN TO WHITE,RICE,,Rawmaterial,,SUPER H/R,11,312
4325,985,FINISHED GOODS,RICE,,Finished,,RICE BRAN,12,313
4203,986,RAW (24-25),RICE,,Rawmaterial,,IRRI-6 BROWN,7,311
4308,987,RAW (24-25),RICE,,Rawmaterial,,1509 STEAM,11,312
4308,988,PROCESS (24-25),RICE,,Rawmaterial,,1509 STEAM,11,312
4305,989,B-2 (SP) (24-25),RICE,,Rawmaterial,,SUPER CHANAB,11,312
402,990,Protective Film Printed MDF,MISCELLENEOUS AND OTHER OFFICE EXPENSES-,,MATERIAL,,,,
4313,991,RAW (24-25),RICE,,Rawmaterial,,1121 STEAM,11,312
4210,992,RAW (24-25),RICE,,Rawmaterial,,LAL 386,11,4191
4212,993,RAW (24-25),RICE,,Rawmaterial,,SUPRI,11,4191
4313,994,B-2 (24-25),RICE,,Rawmaterial,,1121 STEAM,11,312
4301,995,RAW (24-25),RICE,,Rawmaterial,,1121 WHITE,11,312
4322,996,(24-25),RICE,,Rawmaterial,,BADSHAHI TUKRA,11,312
5729,997,(24-25),RICE,,Rawmaterial,,AWAMI,11,312
4323,998,(24-25),RICE,,Rawmaterial,,DAILY TUKRA,11,312
4324,999,(24-25) 25KG,RICE,,Rawmaterial,,DARBAR,11,312
4313,1000,PROCESS (24-25) EXPORT QUALITY,RICE,,Rawmaterial,,1121 STEAM,11,312
4207,1001,RAW (24-25),RICE,,Rawmaterial,,C-9,7,311
5233,1002,RAW (24-25),RICE,,Rawmaterial,,1509 WHITE,11,312
4208,1003,RAW (24-25),RICE,,Rawmaterial,,C-9 STEAM,7,311
4303,1004,RAW (24-25),RICE,,Rawmaterial,,SUPER BROWN,11,312
4310,1005,RAW (24-25),RICE,,Rawmaterial,,1509 SELA,11,312
121,1006,CSR FINAL (CSR FROMPQ),RICE,,Rawmaterial,,IRRI-6,7,311
4303,1007,5% AFLA RAW (24-25),RICE,,Rawmaterial,,SUPER BROWN,11,312
4301,1008,SWEEPING,RICE,,Rawmaterial,,1121 WHITE,11,312
402,1009,Splits,MISCELLENEOUS AND OTHER OFFICE EXPENSES-,,MATERIAL,,,,
402,1010,Software Service,MISCELLENEOUS AND OTHER OFFICE EXPENSES-,,SERVICES,,,,
4313,1011,CSR (24-25),RICE,,Rawmaterial,,1121 STEAM,11,312
5774,1012,RAW (24-25),RICE,,Rawmaterial,,IRRI-6 BROWN SELA,7,311
5774,1013,FINISHED GOODS,RICE,,Finished,,IRRI-6 BROWN SELA,7,311
5774,1014,B-Q,RICE,,By Product,,IRRI-6 BROWN SELA,7,311
5774,1015,B-1,RICE,,By Product,,IRRI-6 BROWN SELA,7,311
5774,1016,B-2,RICE,,By Product,,IRRI-6 BROWN SELA,7,311
5774,1017,B-3,RICE,,By Product,,IRRI-6 BROWN SELA,7,311
5774,1018,C.S.R,RICE,,By Product,,IRRI-6 BROWN SELA,7,311
5774,1019,PADDY,RICE,,By Product,,IRRI-6 BROWN SELA,7,311
5774,1020,CHOBBA,RICE,,By Product,,IRRI-6 BROWN SELA,7,311
5774,1021,OTHERS,RICE,,By Product,,IRRI-6 BROWN SELA,7,311
5774,1022,(24-25) H/R,RICE,,Rawmaterial,,IRRI-6 BROWN SELA,7,311
118,1023,FINISHED GOODS CLEAN,RICE,,Finished,,SUPER SILKY,11,312
118,1024,RAW (24-25),RICE,,Rawmaterial,,SUPER,11,312
121,1025,B-2 CSR,RICE,,Rawmaterial,,IRRI-6,7,318
2016,1026,IMPORTED (24-25),WHEAT,,Rawmaterial,,RAW,8,793
